policy,supply_kbps,request_rate,pool_depth,workload,repeat,schedule_seed,attempts,measurement_seconds_actual,warmup_attempts,initial_keys,measurement_start_keys,hybrid,pqc_only,rejected,qkd_keys_consumed,hybrid_pct,pqc_only_pct,rejected_pct,modeled_completion_pct,hybrid_per_second,quota_rejections,reserve_rejections,empty_pool_decisions,final_keys,minimum_keys,mean_keys,hybrid_service_fraction_jain,policy_wall_ns_median,policy_wall_ns_p95,policy_cpu_ns_median,policy_cpu_ns_p95,decision_wall_ns_median,decision_wall_ns_p95,decision_cpu_ns_median,decision_cpu_ns_p95
explicit_downgrade,1,1,128,balanced,1,20261009,60,60.0,10,0,32,60,0,0,60,100.0,0.0,0.0,100.0,1.0,0,0,0,127,31,100.03333333333333,1.0,500.0,627.0499999999998,0.0,1000.0,5292.0,6289.249999999995,5000.0,6049.999999999997
per_peer_quota,1,1,128,balanced,1,20261009,60,60.0,10,0,32,60,0,0,60,100.0,0.0,0.0,100.0,1.0,0,0,0,127,31,100.03333333333333,1.0,791.5,916.05,1000.0,2000.0,5417.0,5710.099999999999,5000.0,6000.0
admission_control,1,1,128,balanced,1,20261009,60,60.0,10,0,33,60,0,0,60,100.0,0.0,0.0,100.0,1.0,0,0,0,127,32,100.58333333333333,1.0,1042.0,1542.0,1000.0,2000.0,5708.0,7918.099999999999,6000.0,8000.0
reject_on_empty,1,1,128,balanced,1,20261009,60,60.0,10,0,32,60,0,0,60,100.0,0.0,0.0,100.0,1.0,0,0,0,127,31,100.03333333333333,1.0,542.0,752.0999999999999,0.0,1000.0,5292.0,7589.25,5000.0,8000.0
per_peer_quota,1,1,128,balanced,2,20261010,60,60.0,10,0,32,60,0,0,60,100.0,0.0,0.0,100.0,1.0,0,0,0,127,31,100.03333333333333,1.0,792.0,1083.0,1000.0,2000.0,5542.0,7593.4,6000.0,7000.0
admission_control,1,1,128,balanced,2,20261010,60,60.0,10,0,33,60,0,0,60,100.0,0.0,0.0,100.0,1.0,0,0,0,127,32,100.58333333333333,1.0,1042.0,1340.1999999999996,1000.0,2000.0,5625.0,7383.349999999999,6000.0,7000.0
reject_on_empty,1,1,128,balanced,2,20261010,60,60.0,10,0,32,60,0,0,60,100.0,0.0,0.0,100.0,1.0,0,0,0,127,31,100.03333333333333,1.0,541.0,708.0,0.0,1000.0,5292.0,6239.249999999998,5000.0,6049.999999999997
explicit_downgrade,1,1,128,balanced,2,20261010,60,60.0,10,0,32,60,0,0,60,100.0,0.0,0.0,100.0,1.0,0,0,0,127,31,100.03333333333333,1.0,584.0,754.1499999999997,0.0,1000.0,6000.0,7571.149999999999,6000.0,8000.0
admission_control,1,1,128,balanced,3,20261011,60,60.0,10,0,33,60,0,0,60,100.0,0.0,0.0,100.0,1.0,0,0,0,127,32,100.58333333333333,1.0,1042.0,1211.05,1000.0,2000.0,5542.0,6925.299999999999,5500.0,7000.0
reject_on_empty,1,1,128,balanced,3,20261011,60,60.0,10,0,32,60,0,0,60,100.0,0.0,0.0,100.0,1.0,0,0,0,127,31,100.03333333333333,1.0,500.0,629.1499999999997,0.0,1000.0,5166.0,5889.599999999999,5000.0,5049.999999999997
explicit_downgrade,1,1,128,balanced,3,20261011,60,60.0,10,0,32,60,0,0,60,100.0,0.0,0.0,100.0,1.0,0,0,0,127,31,100.03333333333333,1.0,500.0,583.05,0.0,1000.0,5083.0,5671.15,5000.0,6000.0
per_peer_quota,1,1,128,balanced,3,20261011,60,60.0,10,0,32,60,0,0,60,100.0,0.0,0.0,100.0,1.0,0,0,0,127,31,100.03333333333333,1.0,833.0,1045.1999999999998,0.0,2000.0,5937.0,7502.05,5500.0,7000.0
explicit_downgrade,1,1,128,skewed,1,20261009,60,60.0,10,0,32,60,0,0,60,100.0,0.0,0.0,100.0,1.0,0,0,0,127,31,100.03333333333333,1.0,500.0,666.0,0.0,1049.9999999999973,5125.0,6291.699999999998,5000.0,6049.999999999997
per_peer_quota,1,1,128,skewed,1,20261009,60,60.0,10,0,32,60,0,0,60,100.0,0.0,0.0,100.0,1.0,0,0,0,127,31,100.03333333333333,1.0,750.0,875.0,1000.0,2000.0,5562.5,6002.099999999999,5500.0,6000.0
admission_control,1,1,128,skewed,1,20261009,60,60.0,10,0,33,60,0,0,60,100.0,0.0,0.0,100.0,1.0,0,0,0,127,32,100.58333333333333,1.0,1083.0,1337.1999999999998,1000.0,2000.0,5833.5,6924.999999999997,6000.0,7000.0
reject_on_empty,1,1,128,skewed,1,20261009,60,60.0,10,0,32,60,0,0,60,100.0,0.0,0.0,100.0,1.0,0,0,0,127,31,100.03333333333333,1.0,542.0,750.0,0.0,1000.0,5292.0,7418.099999999999,5000.0,7000.0
per_peer_quota,1,1,128,skewed,2,20261010,60,60.0,10,0,32,60,0,0,60,100.0,0.0,0.0,100.0,1.0,0,0,0,127,31,100.03333333333333,1.0,792.0,1294.05,1000.0,2000.0,5500.0,8198.249999999998,6000.0,8049.999999999997
admission_control,1,1,128,skewed,2,20261010,60,60.0,10,0,33,60,0,0,60,100.0,0.0,0.0,100.0,1.0,0,0,0,127,32,100.58333333333333,1.0,1084.0,1254.1499999999999,1000.0,1049.9999999999973,5625.0,7137.499999999999,6000.0,7000.0
reject_on_empty,1,1,128,skewed,2,20261010,60,60.0,10,0,32,60,0,0,60,100.0,0.0,0.0,100.0,1.0,0,0,0,127,31,100.03333333333333,1.0,520.5,666.0,0.0,1000.0,5208.0,6260.4,5000.0,6000.0
explicit_downgrade,1,1,128,skewed,2,20261010,60,60.0,10,0,32,60,0,0,60,100.0,0.0,0.0,100.0,1.0,0,0,0,127,31,100.03333333333333,1.0,500.0,583.0,0.0,1000.0,5208.0,5502.099999999999,5000.0,6000.0
admission_control,1,1,128,skewed,3,20261011,60,60.0,10,0,33,60,0,0,60,100.0,0.0,0.0,100.0,1.0,0,0,0,127,32,100.58333333333333,1.0,1042.0,1211.05,1000.0,2000.0,5583.0,5962.15,5000.0,6000.0
reject_on_empty,1,1,128,skewed,3,20261011,60,60.0,10,0,32,60,0,0,60,100.0,0.0,0.0,100.0,1.0,0,0,0,127,31,100.03333333333333,1.0,500.0,669.0499999999998,0.0,1000.0,5208.0,6210.749999999997,5000.0,6049.999999999997
explicit_downgrade,1,1,128,skewed,3,20261011,60,60.0,10,0,32,60,0,0,60,100.0,0.0,0.0,100.0,1.0,0,0,0,127,31,100.03333333333333,1.0,500.0,667.0,0.0,1049.9999999999973,5208.0,5842.299999999999,5000.0,6000.0
per_peer_quota,1,1,128,skewed,3,20261011,60,60.0,10,0,32,60,0,0,60,100.0,0.0,0.0,100.0,1.0,0,0,0,127,31,100.03333333333333,1.0,791.0,917.0,1000.0,2000.0,5500.0,5881.25,5000.0,6000.0
explicit_downgrade,1,5,128,balanced,1,20261009,300,60.0,50,0,0,234,66,0,234,78.0,22.0,0.0,100.0,3.9,0,0,66,0,0,0,0.9981013196694546,500.0,708.0,0.0,1000.0,5208.0,7335.1,5000.0,7000.0
per_peer_quota,1,5,128,balanced,1,20261009,300,60.0,50,0,0,234,0,66,234,78.0,0.0,22.0,78.0,3.9,0,0,66,0,0,0,0.9981013196694546,834.0,1208.0,1000.0,2000.0,5562.5,7875.0,5000.0,8000.0
admission_control,1,5,128,balanced,1,20261009,300,60.0,50,0,6,234,0,66,234,78.0,0.0,22.0,78.0,3.9,0,66,0,6,6,6,0.9981013196694546,1041.0,1458.0,1000.0,2000.0,5500.0,6754.200000000001,5000.0,7000.0
reject_on_empty,1,5,128,balanced,1,20261009,300,60.0,50,0,0,234,0,66,234,78.0,0.0,22.0,78.0,3.9,0,0,66,0,0,0,0.9981013196694546,541.0,750.0,0.0,1000.0,5166.0,7292.0,5000.0,7000.0
per_peer_quota,1,5,128,balanced,2,20261010,300,60.0,50,0,0,234,0,66,234,78.0,0.0,22.0,78.0,3.9,0,0,66,0,0,0,0.999790829757694,833.0,1000.0,0.0,1000.0,5500.0,6211.05,5000.0,6000.0
admission_control,1,5,128,balanced,2,20261010,300,60.0,50,0,6,234,0,66,234,78.0,0.0,22.0,78.0,3.9,0,66,0,6,6,6,0.999790829757694,1042.0,1333.0,1000.0,2000.0,5500.0,6209.0,5000.0,6000.0
reject_on_empty,1,5,128,balanced,2,20261010,300,60.0,50,0,0,234,0,66,234,78.0,0.0,22.0,78.0,3.9,0,0,66,0,0,0,0.999790829757694,542.0,669.0500000000004,0.0,1000.0,5208.0,5917.0,5000.0,6000.0
explicit_downgrade,1,5,128,balanced,2,20261010,300,60.0,50,0,0,234,66,0,234,78.0,22.0,0.0,100.0,3.9,0,0,66,0,0,0,0.999790829757694,541.5,625.0,0.0,1000.0,5167.0,5833.0,5000.0,6000.0
admission_control,1,5,128,balanced,3,20261011,300,60.0,50,0,6,234,0,66,234,78.0,0.0,22.0,78.0,3.9,0,66,0,6,6,6,0.9971291248213446,1083.0,1375.0,1000.0,2000.0,5542.0,6417.0,5000.0,6000.0
reject_on_empty,1,5,128,balanced,3,20261011,300,60.0,50,0,0,234,0,66,234,78.0,0.0,22.0,78.0,3.9,0,0,66,0,0,0,0.9971291248213446,541.0,666.0,0.0,1000.0,5167.0,5875.0,5000.0,6000.0
explicit_downgrade,1,5,128,balanced,3,20261011,300,60.0,50,0,0,234,66,0,234,78.0,22.0,0.0,100.0,3.9,0,0,66,0,0,0,0.9971291248213446,542.0,667.0,0.0,1000.0,5167.0,5916.0,5000.0,6000.0
per_peer_quota,1,5,128,balanced,3,20261011,300,60.0,50,0,0,234,0,66,234,78.0,0.0,22.0,78.0,3.9,0,0,66,0,0,0,0.9971291248213446,833.0,1000.0,1000.0,2000.0,5500.0,6335.1,5000.0,6000.0
explicit_downgrade,1,5,128,skewed,1,20261009,300,60.0,50,0,0,234,66,0,234,78.0,22.0,0.0,100.0,3.9,0,0,66,0,0,0,0.9982818041488031,541.0,667.0,0.0,1000.0,5208.0,5961.05,5000.0,6000.0
per_peer_quota,1,5,128,skewed,1,20261009,300,60.0,50,0,0,234,0,66,234,78.0,0.0,22.0,78.0,3.9,0,0,66,0,0,0,0.9982818041488031,875.0,1083.0,1000.0,2000.0,5562.5,6379.150000000001,5000.0,6000.0
admission_control,1,5,128,skewed,1,20261009,300,60.0,50,0,6,234,0,66,234,78.0,0.0,22.0,78.0,3.9,0,66,0,6,6,6,0.9982818041488031,1083.5,1375.0,1000.0,2000.0,5542.0,6417.0,5000.0,6000.0
reject_on_empty,1,5,128,skewed,1,20261009,300,60.0,50,0,0,234,0,66,234,78.0,0.0,22.0,78.0,3.9,0,0,66,0,0,0,0.9982818041488031,542.0,625.0,0.0,1000.0,5208.0,5917.0,5000.0,6000.0
per_peer_quota,1,5,128,skewed,2,20261010,300,60.0,50,0,0,234,0,66,234,78.0,0.0,22.0,78.0,3.9,0,0,66,0,0,0,0.9931521398822777,875.0,1042.0,1000.0,2000.0,5625.0,6500.0,5000.0,6000.0
admission_control,1,5,128,skewed,2,20261010,300,60.0,50,0,6,234,0,66,234,78.0,0.0,22.0,78.0,3.9,0,66,0,6,6,6,0.9931521398822777,1083.5,1375.0,1000.0,2000.0,5562.5,6377.1,5000.0,6000.0
reject_on_empty,1,5,128,skewed,2,20261010,300,60.0,50,0,0,234,0,66,234,78.0,0.0,22.0,78.0,3.9,0,0,66,0,0,0,0.9931521398822777,542.0,666.0,0.0,1000.0,5250.0,5959.0,5000.0,6000.0
explicit_downgrade,1,5,128,skewed,2,20261010,300,60.0,50,0,0,234,66,0,234,78.0,22.0,0.0,100.0,3.9,0,0,66,0,0,0,0.9931521398822777,542.0,750.0,0.0,1000.0,5334.0,7254.150000000001,5000.0,7000.0
admission_control,1,5,128,skewed,3,20261011,300,60.0,50,0,6,234,0,66,234,78.0,0.0,22.0,78.0,3.9,0,66,0,6,6,6,0.9964762493763789,1166.0,1500.0,1000.0,2000.0,5958.0,6796.150000000001,6000.0,7000.0
reject_on_empty,1,5,128,skewed,3,20261011,300,60.0,50,0,0,234,0,66,234,78.0,0.0,22.0,78.0,3.9,0,0,66,0,0,0,0.9964762493763789,541.0,709.0,0.0,1000.0,5292.0,7502.05,5000.0,7000.0
explicit_downgrade,1,5,128,skewed,3,20261011,300,60.0,50,0,0,234,66,0,234,78.0,22.0,0.0,100.0,3.9,0,0,66,0,0,0,0.9964762493763789,500.0,711.0500000000004,0.0,1000.0,5292.0,6881.250000000002,5000.0,7000.0
per_peer_quota,1,5,128,skewed,3,20261011,300,60.0,50,0,0,234,0,66,234,78.0,0.0,22.0,78.0,3.9,0,0,66,0,0,0,0.9964762493763789,833.0,1125.0,0.0,2000.0,5542.0,7627.1,5000.0,7000.0
explicit_downgrade,1,10,128,balanced,1,20261009,600,60.0,100,0,0,234,366,0,234,39.0,61.0,0.0,100.0,3.9,0,0,366,0,0,0,0.9958190347493752,500.0,667.0,0.0,1000.0,1583.0,6086.049999999998,2000.0,6000.0
per_peer_quota,1,10,128,balanced,1,20261009,600,60.0,100,0,0,234,0,366,234,39.0,0.0,61.0,39.0,3.9,0,0,366,0,0,0,0.9958190347493752,834.0,1083.0,1000.0,2000.0,1834.0,6002.049999999998,2000.0,6000.0
admission_control,1,10,128,balanced,1,20261009,600,60.0,100,0,6,234,0,366,234,39.0,0.0,61.0,39.0,3.9,0,366,0,6,6,6,0.9958190347493752,1125.0,1458.0,1000.0,2000.0,1542.0,6294.049999999998,2000.0,6000.0
reject_on_empty,1,10,128,balanced,1,20261009,600,60.0,100,0,0,234,0,366,234,39.0,0.0,61.0,39.0,3.9,0,0,366,0,0,0,0.9958190347493752,541.0,750.0,0.0,1000.0,1750.0,7252.0999999999985,2000.0,7000.0
per_peer_quota,1,10,128,balanced,2,20261010,600,60.0,100,0,0,234,0,366,234,39.0,0.0,61.0,39.0,3.9,0,0,366,0,0,0,0.9952942909270397,833.0,1041.0,1000.0,2000.0,1895.5,6291.05,2000.0,6000.0
admission_control,1,10,128,balanced,2,20261010,600,60.0,100,0,6,234,0,366,234,39.0,0.0,61.0,39.0,3.9,0,366,0,6,6,6,0.9952942909270397,1167.0,1459.0,1000.0,2000.0,1625.0,6546.149999999996,2000.0,6000.0
reject_on_empty,1,10,128,balanced,2,20261010,600,60.0,100,0,0,234,0,366,234,39.0,0.0,61.0,39.0,3.9,0,0,366,0,0,0,0.9952942909270397,541.0,666.0,0.0,1000.0,1583.0,6041.05,2000.0,6000.0
explicit_downgrade,1,10,128,balanced,2,20261010,600,60.0,100,0,0,234,366,0,234,39.0,61.0,0.0,100.0,3.9,0,0,366,0,0,0,0.9952942909270397,541.5,666.0,0.0,1000.0,1583.0,6000.0,2000.0,6000.0
admission_control,1,10,128,balanced,3,20261011,600,60.0,100,0,6,234,0,366,234,39.0,0.0,61.0,39.0,3.9,0,366,0,6,6,6,0.9888344775791413,1125.0,1458.0,1000.0,2000.0,1542.0,6375.0,2000.0,6000.0
reject_on_empty,1,10,128,balanced,3,20261011,600,60.0,100,0,0,234,0,366,234,39.0,0.0,61.0,39.0,3.9,0,0,366,0,0,0,0.9888344775791413,500.0,625.0,0.0,1000.0,1520.5,5833.0,2000.0,6000.0
explicit_downgrade,1,10,128,balanced,3,20261011,600,60.0,100,0,0,234,366,0,234,39.0,61.0,0.0,100.0,3.9,0,0,366,0,0,0,0.9888344775791413,541.0,667.0,0.0,1000.0,1583.0,6000.0,2000.0,6000.0
per_peer_quota,1,10,128,balanced,3,20261011,600,60.0,100,0,0,234,0,366,234,39.0,0.0,61.0,39.0,3.9,0,0,366,0,0,0,0.9888344775791413,875.0,1042.0,1000.0,2000.0,1958.0,6333.05,2000.0,6000.0
explicit_downgrade,1,10,128,skewed,1,20261009,600,60.0,100,0,0,234,366,0,234,39.0,61.0,0.0,100.0,3.9,0,0,366,0,0,0,0.9552593985974188,541.0,666.0,0.0,1000.0,1583.0,5959.0,2000.0,6000.0
per_peer_quota,1,10,128,skewed,1,20261009,600,60.0,100,0,0,234,0,366,234,39.0,0.0,61.0,39.0,3.9,0,0,366,0,0,0,0.9552593985974188,917.0,1083.0,1000.0,2000.0,2000.0,6419.049999999998,2000.0,6000.0
admission_control,1,10,128,skewed,1,20261009,600,60.0,100,0,6,234,0,366,234,39.0,0.0,61.0,39.0,3.9,0,366,0,6,6,6,0.9552593985974188,1166.0,1336.0499999999981,1000.0,2000.0,1584.0,6375.0,2000.0,6000.0
reject_on_empty,1,10,128,skewed,1,20261009,600,60.0,100,0,0,234,0,366,234,39.0,0.0,61.0,39.0,3.9,0,0,366,0,0,0,0.9552593985974188,541.5,667.0,0.0,1000.0,1583.0,5916.0,2000.0,6000.0
per_peer_quota,1,10,128,skewed,2,20261010,600,60.0,100,0,0,234,0,366,234,39.0,0.0,61.0,39.0,3.9,0,0,366,0,0,0,0.9621313024926135,875.0,1042.0,1000.0,2000.0,1959.0,6375.0,2000.0,6000.0
admission_control,1,10,128,skewed,2,20261010,600,60.0,100,0,6,234,0,366,234,39.0,0.0,61.0,39.0,3.9,0,366,0,6,6,6,0.9621313024926135,1167.0,1375.0,1000.0,2000.0,1583.0,6458.0,2000.0,6000.0
reject_on_empty,1,10,128,skewed,2,20261010,600,60.0,100,0,0,234,0,366,234,39.0,0.0,61.0,39.0,3.9,0,0,366,0,0,0,0.9621313024926135,541.0,625.0,0.0,1000.0,1583.0,5917.0,2000.0,6000.0
explicit_downgrade,1,10,128,skewed,2,20261010,600,60.0,100,0,0,234,366,0,234,39.0,61.0,0.0,100.0,3.9,0,0,366,0,0,0,0.9621313024926135,541.0,667.0,0.0,1000.0,1583.0,5917.0,2000.0,6000.0
admission_control,1,10,128,skewed,3,20261011,600,60.0,100,0,6,234,0,366,234,39.0,0.0,61.0,39.0,3.9,0,366,0,6,6,6,0.9945074479281406,1167.0,1334.0,1000.0,2000.0,1583.0,6375.0,2000.0,6000.0
reject_on_empty,1,10,128,skewed,3,20261011,600,60.0,100,0,0,234,0,366,234,39.0,0.0,61.0,39.0,3.9,0,0,366,0,0,0,0.9945074479281406,541.0,625.0,0.0,1000.0,1542.0,5917.0,2000.0,6000.0
explicit_downgrade,1,10,128,skewed,3,20261011,600,60.0,100,0,0,234,366,0,234,39.0,61.0,0.0,100.0,3.9,0,0,366,0,0,0,0.9945074479281406,541.0,666.0,0.0,1000.0,1583.0,6000.0,2000.0,6000.0
per_peer_quota,1,10,128,skewed,3,20261011,600,60.0,100,0,0,234,0,366,234,39.0,0.0,61.0,39.0,3.9,0,0,366,0,0,0,0.9945074479281406,916.0,1042.0,1000.0,2000.0,1979.5,6375.0,2000.0,6000.0
explicit_downgrade,1,20,128,balanced,1,20261009,1200,60.0,200,0,0,234,966,0,234,19.5,80.5,0.0,100.0,3.9,0,0,966,0,0,0,0.9944724269389335,500.0,625.0,0.0,1000.0,1417.0,5792.0,1000.0,6000.0
per_peer_quota,1,20,128,balanced,1,20261009,1200,60.0,200,0,0,234,0,966,234,19.5,0.0,80.5,19.5,3.9,4,0,962,0,0,0,0.9944724269389335,917.0,1083.0,1000.0,2000.0,1916.0,6375.0,2000.0,6000.0
admission_control,1,20,128,balanced,1,20261009,1200,60.0,200,0,6,234,0,966,234,19.5,0.0,80.5,19.5,3.9,0,966,0,6,6,6,0.9944724269389335,1209.0,1375.0,1000.0,2000.0,1542.0,6333.0,1000.0,6000.0
reject_on_empty,1,20,128,balanced,1,20261009,1200,60.0,200,0,0,234,0,966,234,19.5,0.0,80.5,19.5,3.9,0,0,966,0,0,0,0.9944724269389335,542.0,666.0,0.0,1000.0,1500.0,5875.0,1000.0,6000.0
per_peer_quota,1,20,128,balanced,2,20261010,1200,60.0,200,0,0,234,0,966,234,19.5,0.0,80.5,19.5,3.9,3,0,963,0,0,0,0.9991259712638215,958.0,1125.0,1000.0,2000.0,1958.0,6417.0,2000.0,6000.0
admission_control,1,20,128,balanced,2,20261010,1200,60.0,200,0,6,234,0,966,234,19.5,0.0,80.5,19.5,3.9,0,966,0,6,6,6,0.9991259712638215,1209.0,1336.0499999999981,1000.0,2000.0,1542.0,6333.0,1000.0,6000.0
reject_on_empty,1,20,128,balanced,2,20261010,1200,60.0,200,0,0,234,0,966,234,19.5,0.0,80.5,19.5,3.9,0,0,966,0,0,0,0.9991259712638215,542.0,625.0,0.0,1000.0,1500.0,5917.0,1000.0,6000.0
explicit_downgrade,1,20,128,balanced,2,20261010,1200,60.0,200,0,0,234,966,0,234,19.5,80.5,0.0,100.0,3.9,0,0,966,0,0,0,0.9991259712638215,542.0,625.0,0.0,1000.0,1500.0,5917.0,1000.0,6000.0
admission_control,1,20,128,balanced,3,20261011,1200,60.0,200,0,6,234,0,966,234,19.5,0.0,80.5,19.5,3.9,0,966,0,6,6,6,0.9867308327296622,1125.0,1333.0,1000.0,2000.0,1417.0,6208.0,1000.0,6000.0
reject_on_empty,1,20,128,balanced,3,20261011,1200,60.0,200,0,0,234,0,966,234,19.5,0.0,80.5,19.5,3.9,0,0,966,0,0,0,0.9867308327296622,541.0,625.0,0.0,1000.0,1500.0,5833.0,1000.0,6000.0
explicit_downgrade,1,20,128,balanced,3,20261011,1200,60.0,200,0,0,234,966,0,234,19.5,80.5,0.0,100.0,3.9,0,0,966,0,0,0,0.9867308327296622,541.0,625.0,0.0,1000.0,1500.0,5834.0,1000.0,6000.0
per_peer_quota,1,20,128,balanced,3,20261011,1200,60.0,200,0,0,234,0,966,234,19.5,0.0,80.5,19.5,3.9,11,0,955,0,0,0.0016666666666666668,0.9884859119247196,917.0,1125.0,1000.0,2000.0,1916.0,6333.0,2000.0,6000.0
explicit_downgrade,1,20,128,skewed,1,20261009,1200,60.0,200,0,0,234,966,0,234,19.5,80.5,0.0,100.0,3.9,0,0,966,0,0,0,0.9686674396913834,541.0,666.0,0.0,1000.0,1500.0,5875.0,1000.0,6000.0
per_peer_quota,1,20,128,skewed,1,20261009,1200,60.0,200,0,0,234,0,966,234,19.5,0.0,80.5,19.5,3.9,284,0,682,0,0,0.05583333333333333,0.963724260208869,1000.0,1292.0,1000.0,2000.0,1875.0,6334.0,2000.0,6000.0
admission_control,1,20,128,skewed,1,20261009,1200,60.0,200,0,6,234,0,966,234,19.5,0.0,80.5,19.5,3.9,0,966,0,6,6,6,0.9686674396913834,1208.0,1416.05,1000.0,2000.0,1500.0,6333.0,1000.0,6000.0
reject_on_empty,1,20,128,skewed,1,20261009,1200,60.0,200,0,0,234,0,966,234,19.5,0.0,80.5,19.5,3.9,0,0,966,0,0,0,0.9686674396913834,541.0,667.0,0.0,1000.0,1500.0,5877.049999999998,1000.0,6000.0
per_peer_quota,1,20,128,skewed,2,20261010,1200,60.0,200,0,0,234,0,966,234,19.5,0.0,80.5,19.5,3.9,265,0,701,0,0,0.059166666666666666,0.950633244116361,1000.0,1292.0,1000.0,2000.0,1875.0,6334.0,2000.0,6000.0
admission_control,1,20,128,skewed,2,20261010,1200,60.0,200,0,6,234,0,966,234,19.5,0.0,80.5,19.5,3.9,0,966,0,6,6,6,0.9640523781142253,1208.0,1375.0,1000.0,2000.0,1541.0,6292.0,1000.0,6000.0
reject_on_empty,1,20,128,skewed,2,20261010,1200,60.0,200,0,0,234,0,966,234,19.5,0.0,80.5,19.5,3.9,0,0,966,0,0,0,0.9640523781142253,541.0,667.0,0.0,1000.0,1459.0,5875.0,1000.0,6000.0
explicit_downgrade,1,20,128,skewed,2,20261010,1200,60.0,200,0,0,234,966,0,234,19.5,80.5,0.0,100.0,3.9,0,0,966,0,0,0,0.9640523781142253,500.0,625.0,0.0,1000.0,1458.0,5917.0,1000.0,6000.0
admission_control,1,20,128,skewed,3,20261011,1200,60.0,200,0,6,234,0,966,234,19.5,0.0,80.5,19.5,3.9,0,966,0,6,6,6,0.9949161175066223,1125.0,1294.0499999999981,1000.0,2000.0,1417.0,5917.0,1000.0,6000.0
reject_on_empty,1,20,128,skewed,3,20261011,1200,60.0,200,0,0,234,0,966,234,19.5,0.0,80.5,19.5,3.9,0,0,966,0,0,0,0.9949161175066223,542.0,667.0,0.0,1000.0,1500.0,5875.0,1000.0,6000.0
explicit_downgrade,1,20,128,skewed,3,20261011,1200,60.0,200,0,0,234,966,0,234,19.5,80.5,0.0,100.0,3.9,0,0,966,0,0,0,0.9949161175066223,542.0,667.0,0.0,1000.0,1500.0,5875.0,1000.0,6000.0
per_peer_quota,1,20,128,skewed,3,20261011,1200,60.0,200,0,0,234,0,966,234,19.5,0.0,80.5,19.5,3.9,278,0,688,0,0,0.07333333333333333,0.9569158222310695,1000.0,1292.0,1000.0,2000.0,1834.0,6333.0,2000.0,6000.0
explicit_downgrade,1,50,128,balanced,1,20261009,3000,60.0,500,0,0,234,2766,0,234,7.8,92.2,0.0,100.0,3.9,0,0,2766,0,0,0,0.9956935807832645,542.0,666.0,0.0,1000.0,1500.0,5625.0,1000.0,5000.0
per_peer_quota,1,50,128,balanced,1,20261009,3000,60.0,500,0,0,234,0,2766,234,7.8,0.0,92.2,7.8,3.9,875,0,1891,0,0,0.034666666666666665,0.9975555606013657,1041.0,1292.0,1000.0,2000.0,1834.0,6250.0,1000.0,6000.0
admission_control,1,50,128,balanced,1,20261009,3000,60.0,500,0,6,234,0,2766,234,7.8,0.0,92.2,7.8,3.9,0,2766,0,6,6,6,0.9956935807832645,1209.0,1375.0,1000.0,2000.0,1541.0,6250.0,1000.0,6000.0
reject_on_empty,1,50,128,balanced,1,20261009,3000,60.0,500,0,0,234,0,2766,234,7.8,0.0,92.2,7.8,3.9,0,0,2766,0,0,0,0.9956935807832645,542.0,708.0,0.0,1000.0,1459.0,5583.0,1000.0,5000.0
per_peer_quota,1,50,128,balanced,2,20261010,3000,60.0,500,0,0,234,0,2766,234,7.8,0.0,92.2,7.8,3.9,906,0,1860,0,0,0.030333333333333334,0.9847910519652939,1041.0,1292.0,1000.0,2000.0,1834.0,6250.0,2000.0,6000.0
admission_control,1,50,128,balanced,2,20261010,3000,60.0,500,0,6,234,0,2766,234,7.8,0.0,92.2,7.8,3.9,0,2766,0,6,6,6,0.9640237392717587,1250.0,1500.0,1000.0,2000.0,1500.0,6250.0,1000.0,6000.0
reject_on_empty,1,50,128,balanced,2,20261010,3000,60.0,500,0,0,234,0,2766,234,7.8,0.0,92.2,7.8,3.9,0,0,2766,0,0,0,0.9640237392717587,583.0,708.0,0.0,1000.0,1583.0,6042.0,1000.0,6000.0
explicit_downgrade,1,50,128,balanced,2,20261010,3000,60.0,500,0,0,234,2766,0,234,7.8,92.2,0.0,100.0,3.9,0,0,2766,0,0,0,0.9640237392717587,542.0,708.0,0.0,1000.0,1542.0,5916.0,1000.0,6000.0
admission_control,1,50,128,balanced,3,20261011,3000,60.0,500,0,6,234,0,2766,234,7.8,0.0,92.2,7.8,3.9,0,2766,0,6,6,6,0.9780475556192587,1208.0,1375.0,1000.0,2000.0,1500.0,6000.0,1000.0,6000.0
reject_on_empty,1,50,128,balanced,3,20261011,3000,60.0,500,0,0,234,0,2766,234,7.8,0.0,92.2,7.8,3.9,0,0,2766,0,0,0,0.9780475556192587,542.0,666.0,0.0,1000.0,1500.0,5875.0,1000.0,5000.0
explicit_downgrade,1,50,128,balanced,3,20261011,3000,60.0,500,0,0,234,2766,0,234,7.8,92.2,0.0,100.0,3.9,0,0,2766,0,0,0,0.9780475556192587,542.0,667.0,0.0,1000.0,1500.0,5917.0,1000.0,5000.0
per_peer_quota,1,50,128,balanced,3,20261011,3000,60.0,500,0,1,235,0,2765,235,7.833333333333333,0.0,92.16666666666667,7.833333333333333,3.9166666666666665,908,0,1857,0,0,0.036333333333333336,0.98969613927842,1041.0,1292.0,1000.0,2000.0,1875.0,6375.0,2000.0,6000.0
explicit_downgrade,1,50,128,skewed,1,20261009,3000,60.0,500,0,0,234,2766,0,234,7.8,92.2,0.0,100.0,3.9,0,0,2766,0,0,0,0.9736582742227605,541.0,667.0,0.0,1000.0,1458.0,5542.0,1000.0,5000.0
per_peer_quota,1,50,128,skewed,1,20261009,3000,60.0,500,0,1,235,0,2765,235,7.833333333333333,0.0,92.16666666666667,7.833333333333333,3.9166666666666665,1507,0,1258,0,0,0.10633333333333334,0.8468710292261212,1084.0,1333.0,1000.0,2000.0,1750.0,6167.0,1000.0,6000.0
admission_control,1,50,128,skewed,1,20261009,3000,60.0,500,0,6,234,0,2766,234,7.8,0.0,92.2,7.8,3.9,0,2766,0,6,6,6,0.9736582742227605,1250.0,1375.0,1000.0,2000.0,1541.0,6169.049999999988,1000.0,6000.0
reject_on_empty,1,50,128,skewed,1,20261009,3000,60.0,500,0,0,234,0,2766,234,7.8,0.0,92.2,7.8,3.9,0,0,2766,0,0,0,0.9736582742227605,541.0,709.0,0.0,1000.0,1417.0,5500.0,1000.0,5000.0
per_peer_quota,1,50,128,skewed,2,20261010,3000,60.0,500,0,1,235,0,2765,235,7.833333333333333,0.0,92.16666666666667,7.833333333333333,3.9166666666666665,1561,0,1204,0,0,0.107,0.8111235796708118,1083.0,1292.0,1000.0,2000.0,1645.5,5917.0,1000.0,6000.0
admission_control,1,50,128,skewed,2,20261010,3000,60.0,500,0,6,234,0,2766,234,7.8,0.0,92.2,7.8,3.9,0,2766,0,6,6,6,0.9741058844213746,1209.0,1419.0499999999888,1000.0,2000.0,1500.0,6208.0,1000.0,6000.0
reject_on_empty,1,50,128,skewed,2,20261010,3000,60.0,500,0,0,234,0,2766,234,7.8,0.0,92.2,7.8,3.9,0,0,2766,0,0,0,0.9741058844213746,542.0,667.0,0.0,1000.0,1500.0,5833.0,1000.0,5000.0
explicit_downgrade,1,50,128,skewed,2,20261010,3000,60.0,500,0,0,234,2766,0,234,7.8,92.2,0.0,100.0,3.9,0,0,2766,0,0,0,0.9741058844213746,542.0,625.0,0.0,1000.0,1500.0,5833.0,1000.0,5000.0
admission_control,1,50,128,skewed,3,20261011,3000,60.0,500,0,6,234,0,2766,234,7.8,0.0,92.2,7.8,3.9,0,2766,0,6,6,6,0.9570402656731679,1209.0,1334.0,1000.0,2000.0,1500.0,6208.0,1000.0,6000.0
reject_on_empty,1,50,128,skewed,3,20261011,3000,60.0,500,0,0,234,0,2766,234,7.8,0.0,92.2,7.8,3.9,0,0,2766,0,0,0,0.9570402656731679,541.0,625.0,0.0,1000.0,1459.0,5833.0,1000.0,5000.0
explicit_downgrade,1,50,128,skewed,3,20261011,3000,60.0,500,0,0,234,2766,0,234,7.8,92.2,0.0,100.0,3.9,0,0,2766,0,0,0,0.9570402656731679,541.0,625.0,0.0,1000.0,1417.0,5417.0,1000.0,5000.0
per_peer_quota,1,50,128,skewed,3,20261011,3000,60.0,500,0,1,235,0,2765,235,7.833333333333333,0.0,92.16666666666667,7.833333333333333,3.9166666666666665,1493,0,1272,0,0,0.07233333333333333,0.8339334487719815,1083.0,1292.0,1000.0,2000.0,1708.0,5917.0,1000.0,6000.0
explicit_downgrade,1,100,128,balanced,1,20261009,6000,60.0,1000,0,0,234,5766,0,234,3.9,96.1,0.0,100.0,3.9,0,0,5766,0,0,0,0.99779830843122,542.0,666.0,0.0,1000.0,1500.0,1917.0,1000.0,2000.0
per_peer_quota,1,100,128,balanced,1,20261009,6000,60.0,1000,0,0,234,0,5766,234,3.9,0.0,96.1,3.9,3.9,3705,0,2061,0,0,0.06483333333333334,0.9888415668764712,1125.0,1375.0,1000.0,2000.0,1583.0,2583.0,1000.0,3000.0
admission_control,1,100,128,balanced,1,20261009,6000,60.0,1000,0,6,234,0,5766,234,3.9,0.0,96.1,3.9,3.9,0,5766,0,6,6,6,0.99779830843122,1209.0,1458.0,1000.0,2000.0,1500.0,2083.05,1000.0,2000.0
reject_on_empty,1,100,128,balanced,1,20261009,6000,60.0,1000,0,0,234,0,5766,234,3.9,0.0,96.1,3.9,3.9,0,0,5766,0,0,0,0.99779830843122,583.0,791.0,0.0,1000.0,1541.0,2209.0,1000.0,2000.0
per_peer_quota,1,100,128,balanced,2,20261010,6000,60.0,1000,0,0,234,0,5766,234,3.9,0.0,96.1,3.9,3.9,3715,0,2051,0,0,0.055,0.9972426122615033,1167.0,1500.0,1000.0,2000.0,1667.0,2750.0,1000.0,3000.0
admission_control,1,100,128,balanced,2,20261010,6000,60.0,1000,0,6,234,0,5766,234,3.9,0.0,96.1,3.9,3.9,0,5766,0,6,6,6,0.969071603649296,1166.0,1500.0,1000.0,2000.0,1417.0,2083.0,1000.0,2000.0
reject_on_empty,1,100,128,balanced,2,20261010,6000,60.0,1000,0,0,234,0,5766,234,3.9,0.0,96.1,3.9,3.9,0,0,5766,0,0,0,0.969071603649296,541.0,708.0,0.0,1000.0,1417.0,2042.0,1000.0,2000.0
explicit_downgrade,1,100,128,balanced,2,20261010,6000,60.0,1000,0,0,234,5766,0,234,3.9,96.1,0.0,100.0,3.9,0,0,5766,0,0,0,0.969071603649296,583.0,708.0,0.0,1000.0,1541.0,2042.0,1000.0,2000.0
admission_control,1,100,128,balanced,3,20261011,6000,60.0,1000,0,6,234,0,5766,234,3.9,0.0,96.1,3.9,3.9,0,5766,0,6,6,6,0.9919304141692983,1250.0,1458.0,1000.0,2000.0,1542.0,2042.0,1000.0,2000.0
reject_on_empty,1,100,128,balanced,3,20261011,6000,60.0,1000,0,0,234,0,5766,234,3.9,0.0,96.1,3.9,3.9,0,0,5766,0,0,0,0.9919304141692983,542.0,667.0,0.0,1000.0,1459.0,2000.0,1000.0,2000.0
explicit_downgrade,1,100,128,balanced,3,20261011,6000,60.0,1000,0,0,234,5766,0,234,3.9,96.1,0.0,100.0,3.9,0,0,5766,0,0,0,0.9919304141692983,541.0,667.0,0.0,1000.0,1458.0,4334.0,1000.0,4000.0
per_peer_quota,1,100,128,balanced,3,20261011,6000,60.0,1000,0,0,234,0,5766,234,3.9,0.0,96.1,3.9,3.9,3708,0,2058,0,0,0.0515,0.9643760670621152,1125.0,1417.0,1000.0,2000.0,1625.0,2709.0,1000.0,3000.0
explicit_downgrade,1,100,128,skewed,1,20261009,6000,60.0,1000,0,0,234,5766,0,234,3.9,96.1,0.0,100.0,3.9,0,0,5766,0,0,0,0.979881558629118,541.0,667.0,0.0,1000.0,1459.0,2084.0,1000.0,2000.0
per_peer_quota,1,100,128,skewed,1,20261009,6000,60.0,1000,0,1,235,0,5765,235,3.9166666666666665,0.0,96.08333333333333,3.9166666666666665,3.9166666666666665,3962,0,1803,0,0,0.10166666666666667,0.7898776470568365,1166.0,1375.0,1000.0,2000.0,1542.0,2502.0500000000075,1000.0,3000.0
admission_control,1,100,128,skewed,1,20261009,6000,60.0,1000,0,6,234,0,5766,234,3.9,0.0,96.1,3.9,3.9,0,5766,0,6,6,6,0.979881558629118,1250.0,1500.0,1000.0,2000.0,1541.0,2167.0,1000.0,3000.0
reject_on_empty,1,100,128,skewed,1,20261009,6000,60.0,1000,0,0,234,0,5766,234,3.9,0.0,96.1,3.9,3.9,0,0,5766,0,0,0,0.979881558629118,541.0,667.0,0.0,1000.0,1416.0,2125.0,1000.0,2000.0
per_peer_quota,1,100,128,skewed,2,20261010,6000,60.0,1000,0,1,235,0,5765,235,3.9166666666666665,0.0,96.08333333333333,3.9166666666666665,3.9166666666666665,3988,0,1777,0,0,0.09416666666666666,0.7924859746860455,1125.0,1500.0,1000.0,2000.0,1542.0,2708.0,1000.0,3000.0
admission_control,1,100,128,skewed,2,20261010,6000,60.0,1000,0,6,234,0,5766,234,3.9,0.0,96.1,3.9,3.9,0,5766,0,6,6,6,0.9804324524486471,1250.0,1541.0,1000.0,2000.0,1500.0,2042.0,1000.0,2000.0
reject_on_empty,1,100,128,skewed,2,20261010,6000,60.0,1000,0,0,234,0,5766,234,3.9,0.0,96.1,3.9,3.9,0,0,5766,0,0,0,0.9804324524486471,542.0,709.0,0.0,1000.0,1458.0,2166.0,1000.0,2000.0
explicit_downgrade,1,100,128,skewed,2,20261010,6000,60.0,1000,0,0,234,5766,0,234,3.9,96.1,0.0,100.0,3.9,0,0,5766,0,0,0,0.9804324524486471,542.0,667.0,0.0,1000.0,1500.0,1958.0,1000.0,2000.0
admission_control,1,100,128,skewed,3,20261011,6000,60.0,1000,0,6,234,0,5766,234,3.9,0.0,96.1,3.9,3.9,0,5766,0,6,6,6,0.9683250419973367,1167.0,1459.0,1000.0,2000.0,1459.0,2125.0,1000.0,2000.0
reject_on_empty,1,100,128,skewed,3,20261011,6000,60.0,1000,0,0,234,0,5766,234,3.9,0.0,96.1,3.9,3.9,0,0,5766,0,0,0,0.9683250419973367,542.0,667.0,0.0,1000.0,1500.0,1959.0,1000.0,2000.0
explicit_downgrade,1,100,128,skewed,3,20261011,6000,60.0,1000,0,0,234,5766,0,234,3.9,96.1,0.0,100.0,3.9,0,0,5766,0,0,0,0.9683250419973367,542.0,667.0,0.0,1000.0,1500.0,1917.0,1000.0,2000.0
per_peer_quota,1,100,128,skewed,3,20261011,6000,60.0,1000,0,0,234,0,5766,234,3.9,0.0,96.1,3.9,3.9,3973,0,1793,0,0,0.09683333333333333,0.7850854733045615,1125.0,1334.0,1000.0,2000.0,1542.0,2250.0,1000.0,3000.0
explicit_downgrade,10,1,128,balanced,1,20261009,60,60.0,10,0,128,60,0,0,60,100.0,0.0,0.0,100.0,1.0,0,0,0,127,127,127,1.0,500.0,750.0,0.0,1000.0,5395.5,7460.099999999999,5000.0,7000.0
per_peer_quota,10,1,128,balanced,1,20261009,60,60.0,10,0,128,60,0,0,60,100.0,0.0,0.0,100.0,1.0,0,0,0,127,127,127,1.0,792.0,877.0999999999999,1000.0,2000.0,5520.5,6127.099999999999,5000.0,6000.0
admission_control,10,1,128,balanced,1,20261009,60,60.0,10,0,128,60,0,0,60,100.0,0.0,0.0,100.0,1.0,0,0,0,127,127,127,1.0,1084.0,1258.3499999999995,1000.0,2000.0,5667.0,6764.599999999999,6000.0,6049.999999999997
reject_on_empty,10,1,128,balanced,1,20261009,60,60.0,10,0,128,60,0,0,60,100.0,0.0,0.0,100.0,1.0,0,0,0,127,127,127,1.0,542.0,627.0999999999999,0.0,1000.0,5750.0,5919.05,5000.0,6000.0
per_peer_quota,10,1,128,balanced,2,20261010,60,60.0,10,0,128,60,0,0,60,100.0,0.0,0.0,100.0,1.0,0,0,0,127,127,127,1.0,791.0,836.0499999999998,0.0,2000.0,5520.5,6086.05,5000.0,6000.0
admission_control,10,1,128,balanced,2,20261010,60,60.0,10,0,128,60,0,0,60,100.0,0.0,0.0,100.0,1.0,0,0,0,127,127,127,1.0,1125.0,1375.0,1000.0,1049.9999999999973,5708.5,6423.25,6000.0,6000.0
reject_on_empty,10,1,128,balanced,2,20261010,60,60.0,10,0,128,60,0,0,60,100.0,0.0,0.0,100.0,1.0,0,0,0,127,127,127,1.0,500.0,583.0,0.0,1000.0,5208.5,5961.05,5000.0,6000.0
explicit_downgrade,10,1,128,balanced,2,20261010,60,60.0,10,0,128,60,0,0,60,100.0,0.0,0.0,100.0,1.0,0,0,0,127,127,127,1.0,542.0,625.0,0.0,1000.0,5750.0,5960.099999999999,5000.0,6000.0
admission_control,10,1,128,balanced,3,20261011,60,60.0,10,0,128,60,0,0,60,100.0,0.0,0.0,100.0,1.0,0,0,0,127,127,127,1.0,1145.5,1250.0,1000.0,2000.0,5812.5,6338.099999999999,6000.0,6000.0
reject_on_empty,10,1,128,balanced,3,20261011,60,60.0,10,0,128,60,0,0,60,100.0,0.0,0.0,100.0,1.0,0,0,0,127,127,127,1.0,541.0,625.0,0.0,1000.0,5250.0,5877.099999999999,5000.0,6000.0
explicit_downgrade,10,1,128,balanced,3,20261011,60,60.0,10,0,128,60,0,0,60,100.0,0.0,0.0,100.0,1.0,0,0,0,127,127,127,1.0,542.0,625.0,0.0,1049.9999999999973,5708.0,6002.099999999999,5000.0,6000.0
per_peer_quota,10,1,128,balanced,3,20261011,60,60.0,10,0,128,60,0,0,60,100.0,0.0,0.0,100.0,1.0,0,0,0,127,127,127,1.0,791.0,918.0999999999999,0.0,1049.9999999999973,5500.0,6166.05,5000.0,6000.0
explicit_downgrade,10,1,128,skewed,1,20261009,60,60.0,10,0,128,60,0,0,60,100.0,0.0,0.0,100.0,1.0,0,0,0,127,127,127,1.0,542.0,625.0,0.0,1000.0,5396.0,5836.05,5000.0,6000.0
per_peer_quota,10,1,128,skewed,1,20261009,60,60.0,10,0,128,60,0,0,60,100.0,0.0,0.0,100.0,1.0,0,0,0,127,127,127,1.0,833.0,919.0499999999998,0.0,1000.0,5896.0,6208.05,6000.0,7000.0
admission_control,10,1,128,skewed,1,20261009,60,60.0,10,0,128,60,0,0,60,100.0,0.0,0.0,100.0,1.0,0,0,0,127,127,127,1.0,1208.0,1375.0,1000.0,2000.0,6208.5,6548.25,6000.0,7000.0
reject_on_empty,10,1,128,skewed,1,20261009,60,60.0,10,0,128,60,0,0,60,100.0,0.0,0.0,100.0,1.0,0,0,0,127,127,127,1.0,542.0,584.0,0.0,1000.0,5708.0,5836.05,5000.0,6000.0
per_peer_quota,10,1,128,skewed,2,20261010,60,60.0,10,0,128,60,0,0,60,100.0,0.0,0.0,100.0,1.0,0,0,0,127,127,127,1.0,792.0,877.0999999999999,0.0,1000.0,5645.5,6208.05,6000.0,6000.0
admission_control,10,1,128,skewed,2,20261010,60,60.0,10,0,128,60,0,0,60,100.0,0.0,0.0,100.0,1.0,0,0,0,127,127,127,1.0,1125.0,1250.0,1000.0,2000.0,5770.5,6250.0,6000.0,6000.0
reject_on_empty,10,1,128,skewed,2,20261010,60,60.0,10,0,128,60,0,0,60,100.0,0.0,0.0,100.0,1.0,0,0,0,127,127,127,1.0,583.0,625.0,0.0,1000.0,5708.0,6024.999999999998,5000.0,6000.0
explicit_downgrade,10,1,128,skewed,2,20261010,60,60.0,10,0,128,60,0,0,60,100.0,0.0,0.0,100.0,1.0,0,0,0,127,127,127,1.0,542.0,667.0,0.0,1000.0,5667.0,5879.15,5000.0,6000.0
admission_control,10,1,128,skewed,3,20261011,60,60.0,10,0,128,60,0,0,60,100.0,0.0,0.0,100.0,1.0,0,0,0,127,127,127,1.0,1084.0,1210.1,1000.0,2000.0,5625.0,6169.05,6000.0,6000.0
reject_on_empty,10,1,128,skewed,3,20261011,60,60.0,10,0,128,60,0,0,60,100.0,0.0,0.0,100.0,1.0,0,0,0,127,127,127,1.0,500.0,586.0499999999998,0.0,1000.0,5479.0,5794.099999999999,5000.0,6000.0
explicit_downgrade,10,1,128,skewed,3,20261011,60,60.0,10,0,128,60,0,0,60,100.0,0.0,0.0,100.0,1.0,0,0,0,127,127,127,1.0,541.0,583.05,0.0,1000.0,5667.0,5881.25,5000.0,6000.0
per_peer_quota,10,1,128,skewed,3,20261011,60,60.0,10,0,128,60,0,0,60,100.0,0.0,0.0,100.0,1.0,0,0,0,127,127,127,1.0,792.0,958.0,500.0,1049.9999999999973,5729.0,6353.8499999999985,5500.0,6000.0
explicit_downgrade,10,5,128,balanced,1,20261009,300,60.0,50,0,128,300,0,0,300,100.0,0.0,0.0,100.0,5.0,0,0,0,127,127,127,1.0,541.0,669.0500000000004,0.0,1000.0,5666.0,6548.200000000002,5000.0,6000.0
per_peer_quota,10,5,128,balanced,1,20261009,300,60.0,50,0,128,300,0,0,300,100.0,0.0,0.0,100.0,5.0,0,0,0,127,127,127,1.0,834.0,1002.1000000000005,1000.0,2000.0,5979.5,6375.0,6000.0,6000.0
admission_control,10,5,128,balanced,1,20261009,300,60.0,50,0,128,300,0,0,300,100.0,0.0,0.0,100.0,5.0,0,0,0,127,127,127,1.0,1166.0,1250.0,1000.0,2000.0,6083.0,6334.0,6000.0,6000.0
reject_on_empty,10,5,128,balanced,1,20261009,300,60.0,50,0,128,300,0,0,300,100.0,0.0,0.0,100.0,5.0,0,0,0,127,127,127,1.0,542.0,667.0,0.0,1000.0,5667.0,5958.0,5000.0,6000.0
per_peer_quota,10,5,128,balanced,2,20261010,300,60.0,50,0,128,300,0,0,300,100.0,0.0,0.0,100.0,5.0,0,0,0,127,127,127,1.0,875.0,1041.0,1000.0,2000.0,6042.0,6336.05,6000.0,6000.0
admission_control,10,5,128,balanced,2,20261010,300,60.0,50,0,128,300,0,0,300,100.0,0.0,0.0,100.0,5.0,0,0,0,127,127,127,1.0,1208.0,1416.0,1000.0,2000.0,6208.0,6625.0,6000.0,7000.0
reject_on_empty,10,5,128,balanced,2,20261010,300,60.0,50,0,128,300,0,0,300,100.0,0.0,0.0,100.0,5.0,0,0,0,127,127,127,1.0,625.0,792.0,0.0,1000.0,5833.0,6835.1,5000.0,7000.0
explicit_downgrade,10,5,128,balanced,2,20261010,300,60.0,50,0,128,300,0,0,300,100.0,0.0,0.0,100.0,5.0,0,0,0,127,127,127,1.0,625.0,794.0500000000004,0.0,1000.0,6000.0,7500.0,6000.0,7000.0
admission_control,10,5,128,balanced,3,20261011,300,60.0,50,0,128,300,0,0,300,100.0,0.0,0.0,100.0,5.0,0,0,0,127,127,127,1.0,1167.0,1375.0,1000.0,2000.0,5792.0,6836.05,6000.0,7000.0
reject_on_empty,10,5,128,balanced,3,20261011,300,60.0,50,0,128,300,0,0,300,100.0,0.0,0.0,100.0,5.0,0,0,0,127,127,127,1.0,542.0,708.0,0.0,1000.0,5291.0,5833.05,5000.0,6000.0
explicit_downgrade,10,5,128,balanced,3,20261011,300,60.0,50,0,128,300,0,0,300,100.0,0.0,0.0,100.0,5.0,0,0,0,127,127,127,1.0,583.0,669.0500000000004,0.0,1000.0,5334.0,6083.05,5000.0,6000.0
per_peer_quota,10,5,128,balanced,3,20261011,300,60.0,50,0,128,300,0,0,300,100.0,0.0,0.0,100.0,5.0,0,0,0,127,127,127,1.0,916.0,1208.0,1000.0,2000.0,5791.5,8041.0,6000.0,8000.0
explicit_downgrade,10,5,128,skewed,1,20261009,300,60.0,50,0,128,300,0,0,300,100.0,0.0,0.0,100.0,5.0,0,0,0,127,127,127,1.0,583.0,794.0500000000004,0.0,1000.0,5417.0,7583.0,5000.0,7000.0
per_peer_quota,10,5,128,skewed,1,20261009,300,60.0,50,0,128,300,0,0,300,100.0,0.0,0.0,100.0,5.0,0,0,0,127,127,127,1.0,917.0,1169.0500000000004,1000.0,2000.0,5709.0,7462.150000000001,5500.0,7000.0
admission_control,10,5,128,skewed,1,20261009,300,60.0,50,0,128,300,0,0,300,100.0,0.0,0.0,100.0,5.0,0,0,0,127,127,127,1.0,1167.0,1375.0,1000.0,2000.0,5750.0,6625.0,6000.0,6000.0
reject_on_empty,10,5,128,skewed,1,20261009,300,60.0,50,0,128,300,0,0,300,100.0,0.0,0.0,100.0,5.0,0,0,0,127,127,127,1.0,542.0,625.0,0.0,1000.0,5458.0,5875.0,5000.0,6000.0
per_peer_quota,10,5,128,skewed,2,20261010,300,60.0,50,0,128,300,0,0,300,100.0,0.0,0.0,100.0,5.0,0,0,0,127,127,127,1.0,875.0,1125.0,1000.0,2000.0,5708.0,6710.1,6000.0,7000.0
admission_control,10,5,128,skewed,2,20261010,300,60.0,50,0,128,300,0,0,300,100.0,0.0,0.0,100.0,5.0,0,0,0,127,127,127,1.0,1166.0,1252.0500000000004,1000.0,2000.0,6041.0,6334.0,6000.0,6000.0
reject_on_empty,10,5,128,skewed,2,20261010,300,60.0,50,0,128,300,0,0,300,100.0,0.0,0.0,100.0,5.0,0,0,0,127,127,127,1.0,541.0,708.0,0.0,1000.0,5333.0,9014.250000000013,5000.0,8100.000000000023
explicit_downgrade,10,5,128,skewed,2,20261010,300,60.0,50,0,128,300,0,0,300,100.0,0.0,0.0,100.0,5.0,0,0,0,127,127,127,1.0,500.0,667.0,0.0,1000.0,5208.0,7252.1,5000.0,7000.0
admission_control,10,5,128,skewed,3,20261011,300,60.0,50,0,128,300,0,0,300,100.0,0.0,0.0,100.0,5.0,0,0,0,127,127,127,1.0,1083.0,1294.0500000000004,1000.0,2000.0,5583.0,6958.0,6000.0,7000.0
reject_on_empty,10,5,128,skewed,3,20261011,300,60.0,50,0,128,300,0,0,300,100.0,0.0,0.0,100.0,5.0,0,0,0,127,127,127,1.0,500.0,708.0,0.0,1000.0,5208.0,7212.200000000001,5000.0,6050.000000000011
explicit_downgrade,10,5,128,skewed,3,20261011,300,60.0,50,0,128,300,0,0,300,100.0,0.0,0.0,100.0,5.0,0,0,0,127,127,127,1.0,500.0,625.0,0.0,1000.0,5167.0,5958.05,5000.0,6000.0
per_peer_quota,10,5,128,skewed,3,20261011,300,60.0,50,0,128,300,0,0,300,100.0,0.0,0.0,100.0,5.0,0,0,0,127,127,127,1.0,834.0,1125.0,1000.0,2000.0,5583.0,7627.1,6000.0,7000.0
explicit_downgrade,10,10,128,balanced,1,20261009,600,60.0,100,0,128,600,0,0,600,100.0,0.0,0.0,100.0,10.0,0,0,0,127,127,127,1.0,541.0,708.0,0.0,1000.0,5270.5,7416.0,5000.0,7000.0
per_peer_quota,10,10,128,balanced,1,20261009,600,60.0,100,0,128,600,0,0,600,100.0,0.0,0.0,100.0,10.0,0,0,0,127,127,127,1.0,875.0,1083.0,1000.0,2000.0,5979.5,6544.0999999999985,6000.0,6000.0
admission_control,10,10,128,balanced,1,20261009,600,60.0,100,0,128,600,0,0,600,100.0,0.0,0.0,100.0,10.0,0,0,0,127,127,127,1.0,1167.0,1377.0499999999981,1000.0,2000.0,6125.0,6923.2499999999945,6000.0,7000.0
reject_on_empty,10,10,128,balanced,1,20261009,600,60.0,100,0,128,600,0,0,600,100.0,0.0,0.0,100.0,10.0,0,0,0,127,127,127,1.0,542.0,708.0,0.0,1000.0,5625.0,6666.05,5000.0,7000.0
per_peer_quota,10,10,128,balanced,2,20261010,600,60.0,100,0,128,600,0,0,600,100.0,0.0,0.0,100.0,10.0,0,0,0,127,127,127,1.0,875.0,1125.0,500.0,2000.0,5542.0,7875.0,5000.0,7000.0
admission_control,10,10,128,balanced,2,20261010,600,60.0,100,0,128,600,0,0,600,100.0,0.0,0.0,100.0,10.0,0,0,0,127,127,127,1.0,1125.0,1417.0,1000.0,2000.0,5750.0,7544.049999999998,6000.0,7049.9999999999545
reject_on_empty,10,10,128,balanced,2,20261010,600,60.0,100,0,128,600,0,0,600,100.0,0.0,0.0,100.0,10.0,0,0,0,127,127,127,1.0,541.0,625.0,0.0,1000.0,5292.0,6211.049999999998,5000.0,6000.0
explicit_downgrade,10,10,128,balanced,2,20261010,600,60.0,100,0,128,600,0,0,600,100.0,0.0,0.0,100.0,10.0,0,0,0,127,127,127,1.0,541.0,625.0,0.0,1000.0,5292.0,6211.049999999998,5000.0,6000.0
admission_control,10,10,128,balanced,3,20261011,600,60.0,100,0,128,600,0,0,600,100.0,0.0,0.0,100.0,10.0,0,0,0,127,127,127,1.0,1125.0,1336.0499999999981,1000.0,2000.0,5792.0,6916.05,6000.0,7000.0
reject_on_empty,10,10,128,balanced,3,20261011,600,60.0,100,0,128,600,0,0,600,100.0,0.0,0.0,100.0,10.0,0,0,0,127,127,127,1.0,542.0,667.0,0.0,1000.0,5708.0,6377.049999999998,5000.0,6000.0
explicit_downgrade,10,10,128,balanced,3,20261011,600,60.0,100,0,128,600,0,0,600,100.0,0.0,0.0,100.0,10.0,0,0,0,127,127,127,1.0,542.0,625.0,0.0,1000.0,5708.0,6000.0,5000.0,6000.0
per_peer_quota,10,10,128,balanced,3,20261011,600,60.0,100,0,128,600,0,0,600,100.0,0.0,0.0,100.0,10.0,0,0,0,127,127,127,1.0,917.0,1084.0,1000.0,2000.0,6167.0,6710.0999999999985,6000.0,7000.0
explicit_downgrade,10,10,128,skewed,1,20261009,600,60.0,100,0,128,600,0,0,600,100.0,0.0,0.0,100.0,10.0,0,0,0,127,127,127,1.0,542.0,625.0,0.0,1000.0,5709.0,6000.0,5000.0,6000.0
per_peer_quota,10,10,128,skewed,1,20261009,600,60.0,100,0,128,600,0,0,600,100.0,0.0,0.0,100.0,10.0,0,0,0,127,127,127,1.0,917.0,1125.0,1000.0,2000.0,6083.0,6583.05,6000.0,7000.0
admission_control,10,10,128,skewed,1,20261009,600,60.0,100,0,128,600,0,0,600,100.0,0.0,0.0,100.0,10.0,0,0,0,127,127,127,1.0,1167.0,1292.0,1000.0,2000.0,6166.0,6500.0,6000.0,7000.0
reject_on_empty,10,10,128,skewed,1,20261009,600,60.0,100,0,128,600,0,0,600,100.0,0.0,0.0,100.0,10.0,0,0,0,127,127,127,1.0,542.0,625.0,0.0,1000.0,5708.0,5959.0,5000.0,6000.0
per_peer_quota,10,10,128,skewed,2,20261010,600,60.0,100,0,128,600,0,0,600,100.0,0.0,0.0,100.0,10.0,0,0,0,127,127,127,1.0,917.0,1083.0,1000.0,2000.0,6084.0,6417.0,6000.0,6000.0
admission_control,10,10,128,skewed,2,20261010,600,60.0,100,0,128,600,0,0,600,100.0,0.0,0.0,100.0,10.0,0,0,0,127,127,127,1.0,1167.0,1292.0,1000.0,2000.0,6125.0,6458.0,6000.0,6000.0
reject_on_empty,10,10,128,skewed,2,20261010,600,60.0,100,0,128,600,0,0,600,100.0,0.0,0.0,100.0,10.0,0,0,0,127,127,127,1.0,583.0,667.0,0.0,1000.0,5708.0,6125.0,5000.0,6000.0
explicit_downgrade,10,10,128,skewed,2,20261010,600,60.0,100,0,128,600,0,0,600,100.0,0.0,0.0,100.0,10.0,0,0,0,127,127,127,1.0,541.0,625.0,0.0,1000.0,5250.0,5917.0,5000.0,6000.0
admission_control,10,10,128,skewed,3,20261011,600,60.0,100,0,128,600,0,0,600,100.0,0.0,0.0,100.0,10.0,0,0,0,127,127,127,1.0,1166.0,1250.0,1000.0,2000.0,6042.0,6333.0,6000.0,6000.0
reject_on_empty,10,10,128,skewed,3,20261011,600,60.0,100,0,128,600,0,0,600,100.0,0.0,0.0,100.0,10.0,0,0,0,127,127,127,1.0,542.0,625.0,0.0,1000.0,5667.0,5917.0,5000.0,6000.0
explicit_downgrade,10,10,128,skewed,3,20261011,600,60.0,100,0,128,600,0,0,600,100.0,0.0,0.0,100.0,10.0,0,0,0,127,127,127,1.0,542.0,625.0,0.0,1000.0,5667.0,5916.0,5000.0,6000.0
per_peer_quota,10,10,128,skewed,3,20261011,600,60.0,100,0,128,600,0,0,600,100.0,0.0,0.0,100.0,10.0,0,0,0,127,127,127,1.0,917.0,1083.0,1000.0,2000.0,6083.0,6375.0,6000.0,6000.0
explicit_downgrade,10,20,128,balanced,1,20261009,1200,60.0,200,0,128,1200,0,0,1200,100.0,0.0,0.0,100.0,20.0,0,0,0,127,127,127,1.0,542.0,625.0,0.0,1000.0,5667.0,5917.0,5000.0,6000.0
per_peer_quota,10,20,128,balanced,1,20261009,1200,60.0,200,0,128,1196,0,4,1196,99.66666666666667,0.0,0.3333333333333333,99.66666666666667,19.933333333333334,4,0,0,127,127,127.00333333333333,0.9999944690825598,958.0,1125.0,1000.0,2000.0,6104.5,6708.0,6000.0,7000.0
admission_control,10,20,128,balanced,1,20261009,1200,60.0,200,0,128,1200,0,0,1200,100.0,0.0,0.0,100.0,20.0,0,0,0,127,127,127,1.0,1125.0,1625.0,1000.0,2000.0,5833.0,8208.0,6000.0,8000.0
reject_on_empty,10,20,128,balanced,1,20261009,1200,60.0,200,0,128,1200,0,0,1200,100.0,0.0,0.0,100.0,20.0,0,0,0,127,127,127,1.0,500.0,627.0499999999981,0.0,1000.0,5208.0,6336.049999999998,5000.0,6000.0
per_peer_quota,10,20,128,balanced,2,20261010,1200,60.0,200,0,128,1197,0,3,1197,99.75,0.0,0.25,99.75,19.95,3,0,0,127,127,127.0025,0.9999978627219752,958.0,1208.0,1000.0,2000.0,6125.0,6961.049999999998,6000.0,7000.0
admission_control,10,20,128,balanced,2,20261010,1200,60.0,200,0,128,1200,0,0,1200,100.0,0.0,0.0,100.0,20.0,0,0,0,127,127,127,1.0,1167.0,1333.0,1000.0,2000.0,6125.0,6627.049999999998,6000.0,7000.0
reject_on_empty,10,20,128,balanced,2,20261010,1200,60.0,200,0,128,1200,0,0,1200,100.0,0.0,0.0,100.0,20.0,0,0,0,127,127,127,1.0,542.0,625.0,0.0,1000.0,5667.0,6000.0,5000.0,6000.0
explicit_downgrade,10,20,128,balanced,2,20261010,1200,60.0,200,0,128,1200,0,0,1200,100.0,0.0,0.0,100.0,20.0,0,0,0,127,127,127,1.0,542.0,708.0,0.0,1000.0,5708.0,6668.149999999998,5000.0,7000.0
admission_control,10,20,128,balanced,3,20261011,1200,60.0,200,0,128,1200,0,0,1200,100.0,0.0,0.0,100.0,20.0,0,0,0,127,127,127,1.0,1166.0,1334.0,1000.0,2000.0,6084.0,6835.0999999999985,6000.0,7000.0
reject_on_empty,10,20,128,balanced,3,20261011,1200,60.0,200,0,128,1200,0,0,1200,100.0,0.0,0.0,100.0,20.0,0,0,0,127,127,127,1.0,542.0,708.0,0.0,1000.0,5375.0,6627.049999999998,5000.0,7000.0
explicit_downgrade,10,20,128,balanced,3,20261011,1200,60.0,200,0,128,1200,0,0,1200,100.0,0.0,0.0,100.0,20.0,0,0,0,127,127,127,1.0,500.0,666.0,0.0,1000.0,5208.0,6375.0,5000.0,6000.0
per_peer_quota,10,20,128,balanced,3,20261011,1200,60.0,200,0,128,1189,0,11,1189,99.08333333333333,0.0,0.9166666666666666,99.08333333333333,19.816666666666666,11,0,0,127,127,127.00916666666667,0.9999924227493583,958.0,1125.0,1000.0,2000.0,6084.0,6502.049999999998,6000.0,6000.0
explicit_downgrade,10,20,128,skewed,1,20261009,1200,60.0,200,0,128,1200,0,0,1200,100.0,0.0,0.0,100.0,20.0,0,0,0,127,127,127,1.0,542.0,625.0,0.0,1000.0,5625.0,5875.0,5000.0,6000.0
per_peer_quota,10,20,128,skewed,1,20261009,1200,60.0,200,0,128,916,0,284,916,76.33333333333333,0.0,23.666666666666668,76.33333333333333,15.266666666666667,284,0,0,127,127,127.23666666666666,0.9759269163912819,958.0,1250.0,1000.0,2000.0,5584.0,6334.0,5000.0,6000.0
admission_control,10,20,128,skewed,1,20261009,1200,60.0,200,0,128,1200,0,0,1200,100.0,0.0,0.0,100.0,20.0,0,0,0,127,127,127,1.0,1125.0,1292.0,1000.0,2000.0,5708.0,6458.0,6000.0,6000.0
reject_on_empty,10,20,128,skewed,1,20261009,1200,60.0,200,0,128,1200,0,0,1200,100.0,0.0,0.0,100.0,20.0,0,0,0,127,127,127,1.0,542.0,667.0,0.0,1000.0,5667.0,6334.0,5000.0,6000.0
per_peer_quota,10,20,128,skewed,2,20261010,1200,60.0,200,0,128,935,0,265,935,77.91666666666667,0.0,22.083333333333332,77.91666666666667,15.583333333333334,265,0,0,127,127,127.22083333333333,0.978588381024473,1000.0,1333.0,1000.0,2000.0,5750.0,6544.049999999998,6000.0,6049.9999999999545
admission_control,10,20,128,skewed,2,20261010,1200,60.0,200,0,128,1200,0,0,1200,100.0,0.0,0.0,100.0,20.0,0,0,0,127,127,127,1.0,1167.0,1292.0,1000.0,2000.0,6125.0,6459.0,6000.0,7000.0
reject_on_empty,10,20,128,skewed,2,20261010,1200,60.0,200,0,128,1200,0,0,1200,100.0,0.0,0.0,100.0,20.0,0,0,0,127,127,127,1.0,542.0,625.0,0.0,1000.0,5708.0,5917.0,5000.0,6000.0
explicit_downgrade,10,20,128,skewed,2,20261010,1200,60.0,200,0,128,1200,0,0,1200,100.0,0.0,0.0,100.0,20.0,0,0,0,127,127,127,1.0,542.0,625.0,0.0,1000.0,5708.0,6042.0,5000.0,6000.0
admission_control,10,20,128,skewed,3,20261011,1200,60.0,200,0,128,1200,0,0,1200,100.0,0.0,0.0,100.0,20.0,0,0,0,127,127,127,1.0,1084.0,1292.0,1000.0,2000.0,5625.0,6417.0,6000.0,6000.0
reject_on_empty,10,20,128,skewed,3,20261011,1200,60.0,200,0,128,1200,0,0,1200,100.0,0.0,0.0,100.0,20.0,0,0,0,127,127,127,1.0,541.0,625.0,0.0,1000.0,5250.0,5917.0,5000.0,6000.0
explicit_downgrade,10,20,128,skewed,3,20261011,1200,60.0,200,0,128,1200,0,0,1200,100.0,0.0,0.0,100.0,20.0,0,0,0,127,127,127,1.0,541.0,625.0,0.0,1000.0,5417.0,6000.0,5000.0,6000.0
per_peer_quota,10,20,128,skewed,3,20261011,1200,60.0,200,0,128,922,0,278,922,76.83333333333333,0.0,23.166666666666668,76.83333333333333,15.366666666666667,278,0,0,127,127,127.23166666666667,0.976938887235563,1000.0,1292.0,1000.0,2000.0,5709.0,6459.0,6000.0,6000.0
explicit_downgrade,10,50,128,balanced,1,20261009,3000,60.0,500,0,1,2344,656,0,2344,78.13333333333334,21.866666666666667,0.0,100.0,39.06666666666667,0,0,656,0,0,0,0.9998630015740657,542.0,708.0,0.0,1000.0,5250.0,6166.0,5000.0,6000.0
per_peer_quota,10,50,128,balanced,1,20261009,3000,60.0,500,0,43,2125,0,875,2125,70.83333333333333,0.0,29.166666666666668,70.83333333333333,35.416666666666664,875,0,0,128,41,109.43033333333334,0.9992526616662089,1000.0,1417.0,1000.0,2000.0,5542.0,8208.0,5000.0,8000.0
admission_control,10,50,128,balanced,1,20261009,3000,60.0,500,0,7,2344,0,656,2344,78.13333333333334,0.0,21.866666666666667,78.13333333333334,39.06666666666667,0,656,0,6,6,6,0.9998630015740657,1084.0,1458.0,1000.0,2000.0,5583.0,7417.0,5000.0,7000.0
reject_on_empty,10,50,128,balanced,1,20261009,3000,60.0,500,0,1,2344,0,656,2344,78.13333333333334,0.0,21.866666666666667,78.13333333333334,39.06666666666667,0,0,656,0,0,0,0.9998630015740657,541.0,709.0,0.0,1000.0,5208.0,7167.0,5000.0,7000.0
per_peer_quota,10,50,128,balanced,2,20261010,3000,60.0,500,0,51,2094,0,906,2094,69.8,0.0,30.2,69.8,34.9,906,0,0,128,47,115.02133333333333,0.9991850713110237,1041.0,1375.0,1000.0,2000.0,5666.0,6791.049999999999,5000.0,7000.0
admission_control,10,50,128,balanced,2,20261010,3000,60.0,500,0,7,2344,0,656,2344,78.13333333333334,0.0,21.866666666666667,78.13333333333334,39.06666666666667,0,656,0,6,6,6,0.9992557438295397,1125.0,1375.0,1000.0,2000.0,5667.0,6500.0,5000.0,6000.0
reject_on_empty,10,50,128,balanced,2,20261010,3000,60.0,500,0,1,2344,0,656,2344,78.13333333333334,0.0,21.866666666666667,78.13333333333334,39.06666666666667,0,0,656,0,0,0,0.9992557438295397,541.0,709.0,0.0,1000.0,5250.0,6961.049999999988,5000.0,7000.0
explicit_downgrade,10,50,128,balanced,2,20261010,3000,60.0,500,0,1,2344,656,0,2344,78.13333333333334,21.866666666666667,0.0,100.0,39.06666666666667,0,0,656,0,0,0,0.9992557438295397,541.0,709.0,0.0,1000.0,5250.0,6625.0,5000.0,7000.0
admission_control,10,50,128,balanced,3,20261011,3000,60.0,500,0,7,2344,0,656,2344,78.13333333333334,0.0,21.866666666666667,78.13333333333334,39.06666666666667,0,656,0,6,6,6,0.9997030659570864,1125.0,1375.0,1000.0,2000.0,6000.0,6500.0,6000.0,6000.0
reject_on_empty,10,50,128,balanced,3,20261011,3000,60.0,500,0,1,2344,0,656,2344,78.13333333333334,0.0,21.866666666666667,78.13333333333334,39.06666666666667,0,0,656,0,0,0,0.9997030659570864,500.0,667.0,0.0,1000.0,5167.0,6250.0,5000.0,6000.0
explicit_downgrade,10,50,128,balanced,3,20261011,3000,60.0,500,0,1,2344,656,0,2344,78.13333333333334,21.866666666666667,0.0,100.0,39.06666666666667,0,0,656,0,0,0,0.9997030659570864,541.0,625.0,0.0,1000.0,5209.0,6209.0,5000.0,6000.0
per_peer_quota,10,50,128,balanced,3,20261011,3000,60.0,500,0,43,2092,0,908,2092,69.73333333333333,0.0,30.266666666666666,69.73333333333333,34.86666666666667,908,0,0,127,43,113.93966666666667,0.999906406976323,1000.0,1375.0,1000.0,2000.0,5542.0,6875.0,5000.0,7000.0
explicit_downgrade,10,50,128,skewed,1,20261009,3000,60.0,500,0,1,2344,656,0,2344,78.13333333333334,21.866666666666667,0.0,100.0,39.06666666666667,0,0,656,0,0,0,0.9997742008033863,541.0,667.0,0.0,1000.0,5167.0,6000.0,5000.0,6000.0
per_peer_quota,10,50,128,skewed,1,20261009,3000,60.0,500,0,128,1493,0,1507,1493,49.766666666666666,0.0,50.233333333333334,49.766666666666666,24.883333333333333,1507,0,0,128,124,127.37633333333333,0.8763511834531759,1083.0,1333.0,1000.0,2000.0,1958.0,6458.0,2000.0,6000.0
admission_control,10,50,128,skewed,1,20261009,3000,60.0,500,0,7,2344,0,656,2344,78.13333333333334,0.0,21.866666666666667,78.13333333333334,39.06666666666667,0,656,0,6,6,6,0.9997742008033863,1084.0,1333.0,1000.0,2000.0,5584.0,6292.0,5000.0,6000.0
reject_on_empty,10,50,128,skewed,1,20261009,3000,60.0,500,0,1,2344,0,656,2344,78.13333333333334,0.0,21.866666666666667,78.13333333333334,39.06666666666667,0,0,656,0,0,0,0.9997742008033863,541.0,708.0,0.0,1000.0,5208.0,6583.0,5000.0,6000.0
per_peer_quota,10,50,128,skewed,2,20261010,3000,60.0,500,0,128,1439,0,1561,1439,47.96666666666667,0.0,52.03333333333333,47.96666666666667,23.983333333333334,1561,0,0,128,125,127.41633333333333,0.8738286919368335,1083.0,1333.0,1000.0,2000.0,1792.0,6459.0,2000.0,6000.0
admission_control,10,50,128,skewed,2,20261010,3000,60.0,500,0,7,2344,0,656,2344,78.13333333333334,0.0,21.866666666666667,78.13333333333334,39.06666666666667,0,656,0,6,6,6,0.9987782002917002,1084.0,1375.0,1000.0,2000.0,5584.0,6375.0,5000.0,6000.0
reject_on_empty,10,50,128,skewed,2,20261010,3000,60.0,500,0,1,2344,0,656,2344,78.13333333333334,0.0,21.866666666666667,78.13333333333334,39.06666666666667,0,0,656,0,0,0,0.9987782002917002,542.0,666.0,0.0,1000.0,5292.0,6002.049999999988,5000.0,6000.0
explicit_downgrade,10,50,128,skewed,2,20261010,3000,60.0,500,0,1,2344,656,0,2344,78.13333333333334,21.866666666666667,0.0,100.0,39.06666666666667,0,0,656,0,0,0,0.9987782002917002,584.0,750.0,0.0,1000.0,5375.0,6666.049999999999,5000.0,7000.0
admission_control,10,50,128,skewed,3,20261011,3000,60.0,500,0,7,2344,0,656,2344,78.13333333333334,0.0,21.866666666666667,78.13333333333334,39.06666666666667,0,656,0,6,6,6,0.999565690431278,1083.0,1416.0,1000.0,2000.0,5542.0,8044.049999999988,5000.0,8000.0
reject_on_empty,10,50,128,skewed,3,20261011,3000,60.0,500,0,1,2344,0,656,2344,78.13333333333334,0.0,21.866666666666667,78.13333333333334,39.06666666666667,0,0,656,0,0,0,0.999565690431278,542.0,667.0,0.0,1000.0,5250.0,6250.0,5000.0,6000.0
explicit_downgrade,10,50,128,skewed,3,20261011,3000,60.0,500,0,1,2344,656,0,2344,78.13333333333334,21.866666666666667,0.0,100.0,39.06666666666667,0,0,656,0,0,0,0.999565690431278,625.0,833.0,0.0,1000.0,5500.0,7333.0,5000.0,7000.0
per_peer_quota,10,50,128,skewed,3,20261011,3000,60.0,500,0,128,1507,0,1493,1507,50.233333333333334,0.0,49.766666666666666,50.233333333333334,25.116666666666667,1493,0,0,128,124,127.37266666666666,0.8774181096248894,1084.0,1458.0,1000.0,2000.0,5458.0,7083.0,4000.0,7000.0
explicit_downgrade,10,100,128,balanced,1,20261009,6000,60.0,1000,0,1,2344,3656,0,2344,39.06666666666667,60.93333333333333,0.0,100.0,39.06666666666667,0,0,3656,0,0,0,0.9990501522024251,542.0,708.0,0.0,1000.0,1625.0,6209.0,2000.0,6000.0
per_peer_quota,10,100,128,balanced,1,20261009,6000,60.0,1000,0,22,2295,0,3705,2295,38.25,0.0,61.75,38.25,38.25,3705,0,0,70,21,47.373333333333335,0.9991532588581952,1166.0,1459.0,1000.0,2000.0,1667.0,6875.0,2000.0,7000.0
admission_control,10,100,128,balanced,1,20261009,6000,60.0,1000,0,7,2344,0,3656,2344,39.06666666666667,0.0,60.93333333333333,39.06666666666667,39.06666666666667,0,3656,0,6,6,6,0.9990501522024251,1167.0,1500.0,1000.0,2000.0,1667.0,6750.0,2000.0,7000.0
reject_on_empty,10,100,128,balanced,1,20261009,6000,60.0,1000,0,1,2344,0,3656,2344,39.06666666666667,0.0,60.93333333333333,39.06666666666667,39.06666666666667,0,0,3656,0,0,0,0.9990501522024251,542.0,708.0,0.0,1000.0,1666.0,6291.0,2000.0,6000.0
per_peer_quota,10,100,128,balanced,2,20261010,6000,60.0,1000,0,17,2285,0,3715,2285,38.083333333333336,0.0,61.916666666666664,38.083333333333336,38.083333333333336,3715,0,0,75,15,46.1545,0.9995403285726041,1125.0,1375.0,1000.0,2000.0,1584.0,6584.0,2000.0,6000.0
admission_control,10,100,128,balanced,2,20261010,6000,60.0,1000,0,7,2344,0,3656,2344,39.06666666666667,0.0,60.93333333333333,39.06666666666667,39.06666666666667,0,3656,0,6,6,6,0.9974909779403294,1167.0,1500.0,1000.0,2000.0,1708.0,6834.0,2000.0,7000.0
reject_on_empty,10,100,128,balanced,2,20261010,6000,60.0,1000,0,1,2344,0,3656,2344,39.06666666666667,0.0,60.93333333333333,39.06666666666667,39.06666666666667,0,0,3656,0,0,0,0.9974909779403294,542.0,708.0,0.0,1000.0,1625.0,6167.0,2000.0,6000.0
explicit_downgrade,10,100,128,balanced,2,20261010,6000,60.0,1000,0,1,2344,3656,0,2344,39.06666666666667,60.93333333333333,0.0,100.0,39.06666666666667,0,0,3656,0,0,0,0.9974909779403294,542.0,709.0,0.0,1000.0,1625.0,6208.0,2000.0,6000.0
admission_control,10,100,128,balanced,3,20261011,6000,60.0,1000,0,7,2344,0,3656,2344,39.06666666666667,0.0,60.93333333333333,39.06666666666667,39.06666666666667,0,3656,0,6,6,6,0.9997459656983906,1167.0,1500.0,1000.0,2000.0,1666.0,6666.0,2000.0,6000.0
reject_on_empty,10,100,128,balanced,3,20261011,6000,60.0,1000,0,1,2344,0,3656,2344,39.06666666666667,0.0,60.93333333333333,39.06666666666667,39.06666666666667,0,0,3656,0,0,0,0.9997459656983906,541.0,667.0,0.0,1000.0,1625.0,6250.0,2000.0,6000.0
explicit_downgrade,10,100,128,balanced,3,20261011,6000,60.0,1000,0,1,2344,3656,0,2344,39.06666666666667,60.93333333333333,0.0,100.0,39.06666666666667,0,0,3656,0,0,0,0.9997459656983906,542.0,750.0,0.0,1000.0,1667.0,6458.0,2000.0,6000.0
per_peer_quota,10,100,128,balanced,3,20261011,6000,60.0,1000,0,21,2292,0,3708,2292,38.2,0.0,61.8,38.2,38.2,3708,0,0,72,21,47.91166666666667,0.9996327889199862,1125.0,1459.0,1000.0,2000.0,1666.0,6875.0,2000.0,7000.0
explicit_downgrade,10,100,128,skewed,1,20261009,6000,60.0,1000,0,1,2344,3656,0,2344,39.06666666666667,60.93333333333333,0.0,100.0,39.06666666666667,0,0,3656,0,0,0,0.998764616133398,542.0,709.0,0.0,1000.0,1667.0,6375.0,2000.0,6000.0
per_peer_quota,10,100,128,skewed,1,20261009,6000,60.0,1000,0,66,2038,0,3962,2038,33.96666666666667,0.0,66.03333333333333,33.96666666666667,33.96666666666667,3962,0,0,128,61,119.47516666666667,0.835556128399284,1166.0,1542.0,1000.0,2000.0,1625.0,6875.0,2000.0,7000.0
admission_control,10,100,128,skewed,1,20261009,6000,60.0,1000,0,7,2344,0,3656,2344,39.06666666666667,0.0,60.93333333333333,39.06666666666667,39.06666666666667,0,3656,0,6,6,6,0.998764616133398,1167.0,1584.0,1000.0,2000.0,1708.0,6959.0,2000.0,7000.0
reject_on_empty,10,100,128,skewed,1,20261009,6000,60.0,1000,0,1,2344,0,3656,2344,39.06666666666667,0.0,60.93333333333333,39.06666666666667,39.06666666666667,0,0,3656,0,0,0,0.998764616133398,542.0,750.0,0.0,1000.0,1667.0,6459.0,2000.0,6000.0
per_peer_quota,10,100,128,skewed,2,20261010,6000,60.0,1000,0,65,2012,0,3988,2012,33.53333333333333,0.0,66.46666666666667,33.53333333333333,33.53333333333333,3988,0,0,127,54,120.2425,0.8313481975552556,1084.0,1375.0,1000.0,2000.0,1500.0,6461.0500000000075,2000.0,6000.0
admission_control,10,100,128,skewed,2,20261010,6000,60.0,1000,0,7,2344,0,3656,2344,39.06666666666667,0.0,60.93333333333333,39.06666666666667,39.06666666666667,0,3656,0,6,6,6,0.9988828546630583,1167.0,1458.0,1000.0,2000.0,1625.0,6625.0,2000.0,6000.0
reject_on_empty,10,100,128,skewed,2,20261010,6000,60.0,1000,0,1,2344,0,3656,2344,39.06666666666667,0.0,60.93333333333333,39.06666666666667,39.06666666666667,0,0,3656,0,0,0,0.9988828546630583,583.0,750.0,0.0,1000.0,1687.5,6333.0,2000.0,6000.0
explicit_downgrade,10,100,128,skewed,2,20261010,6000,60.0,1000,0,1,2344,3656,0,2344,39.06666666666667,60.93333333333333,0.0,100.0,39.06666666666667,0,0,3656,0,0,0,0.9988828546630583,542.0,667.0,0.0,1000.0,1584.0,6000.0,2000.0,6000.0
admission_control,10,100,128,skewed,3,20261011,6000,60.0,1000,0,7,2344,0,3656,2344,39.06666666666667,0.0,60.93333333333333,39.06666666666667,39.06666666666667,0,3656,0,6,6,6,0.9998870701304988,1208.0,1417.0,1000.0,2000.0,1666.0,6542.0,2000.0,6000.0
reject_on_empty,10,100,128,skewed,3,20261011,6000,60.0,1000,0,1,2344,0,3656,2344,39.06666666666667,0.0,60.93333333333333,39.06666666666667,39.06666666666667,0,0,3656,0,0,0,0.9998870701304988,542.0,667.0,0.0,1000.0,1666.0,6250.0,2000.0,6000.0
explicit_downgrade,10,100,128,skewed,3,20261011,6000,60.0,1000,0,1,2344,3656,0,2344,39.06666666666667,60.93333333333333,0.0,100.0,39.06666666666667,0,0,3656,0,0,0,0.9998870701304988,541.0,709.0,0.0,1000.0,1625.0,6292.0,2000.0,6000.0
per_peer_quota,10,100,128,skewed,3,20261011,6000,60.0,1000,0,65,2027,0,3973,2027,33.78333333333333,0.0,66.21666666666667,33.78333333333333,33.78333333333333,3973,0,0,125,58,119.4545,0.8361535672348105,1125.0,1375.0,1000.0,2000.0,1542.0,6583.0,2000.0,6000.0
explicit_downgrade,100,1,128,balanced,1,20261009,60,60.0,10,0,128,60,0,0,60,100.0,0.0,0.0,100.0,1.0,0,0,0,127,127,127,1.0,542.0,669.0499999999998,0.0,1000.0,5416.5,6221.499999999999,5000.0,6049.999999999997
per_peer_quota,100,1,128,balanced,1,20261009,60,60.0,10,0,128,60,0,0,60,100.0,0.0,0.0,100.0,1.0,0,0,0,127,127,127,1.0,750.0,838.1499999999997,0.0,1049.9999999999973,5458.0,5669.05,5000.0,6000.0
admission_control,100,1,128,balanced,1,20261009,60,60.0,10,0,128,60,0,0,60,100.0,0.0,0.0,100.0,1.0,0,0,0,127,127,127,1.0,1083.5,1211.05,1000.0,2000.0,5625.0,6416.05,5000.0,6000.0
reject_on_empty,100,1,128,balanced,1,20261009,60,60.0,10,0,128,60,0,0,60,100.0,0.0,0.0,100.0,1.0,0,0,0,127,127,127,1.0,542.0,708.0,0.0,1000.0,5708.0,6303.499999999999,5000.0,6000.0
per_peer_quota,100,1,128,balanced,2,20261010,60,60.0,10,0,128,60,0,0,60,100.0,0.0,0.0,100.0,1.0,0,0,0,127,127,127,1.0,791.0,1085.1,0.0,1049.9999999999973,5542.0,8493.749999999985,5000.0,8099.9999999999945
admission_control,100,1,128,balanced,2,20261010,60,60.0,10,0,128,60,0,0,60,100.0,0.0,0.0,100.0,1.0,0,0,0,127,127,127,1.0,1229.5,1543.1,1000.0,2000.0,6395.5,8000.0,6000.0,7049.999999999997
reject_on_empty,100,1,128,balanced,2,20261010,60,60.0,10,0,128,60,0,0,60,100.0,0.0,0.0,100.0,1.0,0,0,0,127,127,127,1.0,520.5,669.0499999999998,0.0,1000.0,5208.0,6292.0,5000.0,7000.0
explicit_downgrade,100,1,128,balanced,2,20261010,60,60.0,10,0,128,60,0,0,60,100.0,0.0,0.0,100.0,1.0,0,0,0,127,127,127,1.0,500.0,666.05,0.0,1000.0,5270.5,6002.099999999999,5000.0,6000.0
admission_control,100,1,128,balanced,3,20261011,60,60.0,10,0,128,60,0,0,60,100.0,0.0,0.0,100.0,1.0,0,0,0,127,127,127,1.0,1042.0,1125.0,1000.0,1000.0,5562.5,5855.949999999999,5000.0,6000.0
reject_on_empty,100,1,128,balanced,3,20261011,60,60.0,10,0,128,60,0,0,60,100.0,0.0,0.0,100.0,1.0,0,0,0,127,127,127,1.0,500.0,583.05,0.0,1000.0,5250.0,5792.0,5000.0,6000.0
explicit_downgrade,100,1,128,balanced,3,20261011,60,60.0,10,0,128,60,0,0,60,100.0,0.0,0.0,100.0,1.0,0,0,0,127,127,127,1.0,542.0,625.0,0.0,1000.0,5250.0,5916.05,5000.0,6000.0
per_peer_quota,100,1,128,balanced,3,20261011,60,60.0,10,0,128,60,0,0,60,100.0,0.0,0.0,100.0,1.0,0,0,0,127,127,127,1.0,833.0,1000.0,0.0,2000.0,5708.0,6469.349999999999,6000.0,6000.0
explicit_downgrade,100,1,128,skewed,1,20261009,60,60.0,10,0,128,60,0,0,60,100.0,0.0,0.0,100.0,1.0,0,0,0,127,127,127,1.0,541.0,625.0,0.0,1000.0,5583.0,5944.0999999999985,5000.0,6000.0
per_peer_quota,100,1,128,skewed,1,20261009,60,60.0,10,0,128,60,0,0,60,100.0,0.0,0.0,100.0,1.0,0,0,0,127,127,127,1.0,792.0,918.1499999999999,0.0,1049.9999999999973,5500.0,6432.699999999999,5000.0,6049.999999999997
admission_control,100,1,128,skewed,1,20261009,60,60.0,10,0,128,60,0,0,60,100.0,0.0,0.0,100.0,1.0,0,0,0,127,127,127,1.0,1125.0,1294.05,1000.0,2000.0,5708.5,6419.099999999999,6000.0,6049.999999999997
reject_on_empty,100,1,128,skewed,1,20261009,60,60.0,10,0,128,60,0,0,60,100.0,0.0,0.0,100.0,1.0,0,0,0,127,127,127,1.0,542.0,791.05,0.0,1000.0,5396.0,7791.0,5500.0,8000.0
per_peer_quota,100,1,128,skewed,2,20261010,60,60.0,10,0,128,60,0,0,60,100.0,0.0,0.0,100.0,1.0,0,0,0,127,127,127,1.0,833.0,1044.1,1000.0,1000.0,6021.0,7625.0,6000.0,7049.999999999997
admission_control,100,1,128,skewed,2,20261010,60,60.0,10,0,128,60,0,0,60,100.0,0.0,0.0,100.0,1.0,0,0,0,127,127,127,1.0,1208.0,1375.0,1000.0,2000.0,6208.0,6754.15,6000.0,7000.0
reject_on_empty,100,1,128,skewed,2,20261010,60,60.0,10,0,128,60,0,0,60,100.0,0.0,0.0,100.0,1.0,0,0,0,127,127,127,1.0,542.0,625.0,0.0,1000.0,5750.0,6002.099999999999,5000.0,6000.0
explicit_downgrade,100,1,128,skewed,2,20261010,60,60.0,10,0,128,60,0,0,60,100.0,0.0,0.0,100.0,1.0,0,0,0,127,127,127,1.0,541.0,752.0999999999999,0.0,1000.0,5312.0,7420.2,5000.0,7049.999999999997
admission_control,100,1,128,skewed,3,20261011,60,60.0,10,0,128,60,0,0,60,100.0,0.0,0.0,100.0,1.0,0,0,0,127,127,127,1.0,1166.0,1252.05,1000.0,2000.0,6125.0,6426.45,6000.0,6049.999999999997
reject_on_empty,100,1,128,skewed,3,20261011,60,60.0,10,0,128,60,0,0,60,100.0,0.0,0.0,100.0,1.0,0,0,0,127,127,127,1.0,542.0,667.0,0.0,1000.0,5708.5,6339.25,5000.0,6000.0
explicit_downgrade,100,1,128,skewed,3,20261011,60,60.0,10,0,128,60,0,0,60,100.0,0.0,0.0,100.0,1.0,0,0,0,127,127,127,1.0,542.0,667.0,0.0,1000.0,5791.5,6169.05,5000.0,7000.0
per_peer_quota,100,1,128,skewed,3,20261011,60,60.0,10,0,128,60,0,0,60,100.0,0.0,0.0,100.0,1.0,0,0,0,127,127,127,1.0,875.0,1387.4999999999993,1000.0,2000.0,6250.0,9272.899999999998,6000.0,9000.0
explicit_downgrade,100,5,128,balanced,1,20261009,300,60.0,50,0,128,300,0,0,300,100.0,0.0,0.0,100.0,5.0,0,0,0,127,127,127,1.0,542.0,708.0,0.0,1000.0,5250.0,6210.1,5000.0,6050.000000000011
per_peer_quota,100,5,128,balanced,1,20261009,300,60.0,50,0,128,300,0,0,300,100.0,0.0,0.0,100.0,5.0,0,0,0,127,127,127,1.0,875.0,1208.05,0.0,2000.0,5833.0,7877.05,6000.0,8000.0
admission_control,100,5,128,balanced,1,20261009,300,60.0,50,0,128,300,0,0,300,100.0,0.0,0.0,100.0,5.0,0,0,0,127,127,127,1.0,1167.0,1375.0,1000.0,2000.0,6208.0,6835.1,6000.0,7000.0
reject_on_empty,100,5,128,balanced,1,20261009,300,60.0,50,0,128,300,0,0,300,100.0,0.0,0.0,100.0,5.0,0,0,0,127,127,127,1.0,542.0,667.0,0.0,1000.0,5708.0,6210.1,5000.0,6000.0
per_peer_quota,100,5,128,balanced,2,20261010,300,60.0,50,0,128,300,0,0,300,100.0,0.0,0.0,100.0,5.0,0,0,0,127,127,127,1.0,875.0,1000.0,1000.0,2000.0,6042.0,6458.05,6000.0,6000.0
admission_control,100,5,128,balanced,2,20261010,300,60.0,50,0,128,300,0,0,300,100.0,0.0,0.0,100.0,5.0,0,0,0,127,127,127,1.0,1167.0,1333.0,1000.0,2000.0,6167.0,6587.150000000001,6000.0,7000.0
reject_on_empty,100,5,128,balanced,2,20261010,300,60.0,50,0,128,300,0,0,300,100.0,0.0,0.0,100.0,5.0,0,0,0,127,127,127,1.0,542.0,667.0,0.0,1000.0,5750.0,6466.350000000002,5000.0,7000.0
explicit_downgrade,100,5,128,balanced,2,20261010,300,60.0,50,0,128,300,0,0,300,100.0,0.0,0.0,100.0,5.0,0,0,0,127,127,127,1.0,583.0,667.0,0.0,1000.0,5750.0,6252.1,5000.0,6000.0
admission_control,100,5,128,balanced,3,20261011,300,60.0,50,0,128,300,0,0,300,100.0,0.0,0.0,100.0,5.0,0,0,0,127,127,127,1.0,1167.0,1292.0,1000.0,2000.0,6084.0,6548.250000000002,6000.0,6000.0
reject_on_empty,100,5,128,balanced,3,20261011,300,60.0,50,0,128,300,0,0,300,100.0,0.0,0.0,100.0,5.0,0,0,0,127,127,127,1.0,542.0,666.05,0.0,1000.0,5667.0,6211.05,5000.0,6000.0
explicit_downgrade,100,5,128,balanced,3,20261011,300,60.0,50,0,128,300,0,0,300,100.0,0.0,0.0,100.0,5.0,0,0,0,127,127,127,1.0,542.0,625.0,0.0,1000.0,5709.0,6000.0,5000.0,6000.0
per_peer_quota,100,5,128,balanced,3,20261011,300,60.0,50,0,128,300,0,0,300,100.0,0.0,0.0,100.0,5.0,0,0,0,127,127,127,1.0,833.0,1042.0,1000.0,2000.0,5708.0,6960.1,6000.0,7000.0
explicit_downgrade,100,5,128,skewed,1,20261009,300,60.0,50,0,128,300,0,0,300,100.0,0.0,0.0,100.0,5.0,0,0,0,127,127,127,1.0,542.0,709.0,0.0,1000.0,5875.0,7088.100000000001,5000.0,7000.0
per_peer_quota,100,5,128,skewed,1,20261009,300,60.0,50,0,128,300,0,0,300,100.0,0.0,0.0,100.0,5.0,0,0,0,127,127,127,1.0,875.0,1169.0500000000004,1000.0,2000.0,5625.0,7419.05,6000.0,7000.0
admission_control,100,5,128,skewed,1,20261009,300,60.0,50,0,128,300,0,0,300,100.0,0.0,0.0,100.0,5.0,0,0,0,127,127,127,1.0,1125.0,1417.0,1000.0,2000.0,5667.0,7085.1,6000.0,8000.0
reject_on_empty,100,5,128,skewed,1,20261009,300,60.0,50,0,128,300,0,0,300,100.0,0.0,0.0,100.0,5.0,0,0,0,127,127,127,1.0,500.0,627.0500000000004,0.0,1000.0,5250.0,6335.1,5000.0,6000.0
per_peer_quota,100,5,128,skewed,2,20261010,300,60.0,50,0,128,300,0,0,300,100.0,0.0,0.0,100.0,5.0,0,0,0,127,127,127,1.0,834.0,1041.05,1000.0,2000.0,5625.0,6546.150000000001,6000.0,7000.0
admission_control,100,5,128,skewed,2,20261010,300,60.0,50,0,128,300,0,0,300,100.0,0.0,0.0,100.0,5.0,0,0,0,127,127,127,1.0,1125.0,1377.1000000000004,1000.0,2000.0,5750.0,7296.150000000001,6000.0,7000.0
reject_on_empty,100,5,128,skewed,2,20261010,300,60.0,50,0,128,300,0,0,300,100.0,0.0,0.0,100.0,5.0,0,0,0,127,127,127,1.0,542.0,708.0,0.0,1000.0,5750.0,6551.450000000003,5000.0,7000.0
explicit_downgrade,100,5,128,skewed,2,20261010,300,60.0,50,0,128,300,0,0,300,100.0,0.0,0.0,100.0,5.0,0,0,0,127,127,127,1.0,500.0,667.0,0.0,1000.0,5292.0,6419.1,5000.0,7000.0
admission_control,100,5,128,skewed,3,20261011,300,60.0,50,0,128,300,0,0,300,100.0,0.0,0.0,100.0,5.0,0,0,0,127,127,127,1.0,1125.0,1375.0,1000.0,2000.0,5750.0,6667.0,6000.0,7000.0
reject_on_empty,100,5,128,skewed,3,20261011,300,60.0,50,0,128,300,0,0,300,100.0,0.0,0.0,100.0,5.0,0,0,0,127,127,127,1.0,542.0,667.0,0.0,1000.0,5750.0,6375.0,5000.0,6000.0
explicit_downgrade,100,5,128,skewed,3,20261011,300,60.0,50,0,128,300,0,0,300,100.0,0.0,0.0,100.0,5.0,0,0,0,127,127,127,1.0,541.0,708.0,0.0,1000.0,5292.0,7125.0,5000.0,7000.0
per_peer_quota,100,5,128,skewed,3,20261011,300,60.0,50,0,128,300,0,0,300,100.0,0.0,0.0,100.0,5.0,0,0,0,127,127,127,1.0,875.0,1334.0,1000.0,2000.0,5791.0,8550.300000000001,6000.0,8000.0
explicit_downgrade,100,10,128,balanced,1,20261009,600,60.0,100,0,128,600,0,0,600,100.0,0.0,0.0,100.0,10.0,0,0,0,127,127,127,1.0,542.0,750.0,0.0,1000.0,5333.0,7000.0,5000.0,7000.0
per_peer_quota,100,10,128,balanced,1,20261009,600,60.0,100,0,128,600,0,0,600,100.0,0.0,0.0,100.0,10.0,0,0,0,127,127,127,1.0,895.5,1083.0,1000.0,2000.0,5854.5,6794.049999999998,6000.0,7000.0
admission_control,100,10,128,balanced,1,20261009,600,60.0,100,0,128,600,0,0,600,100.0,0.0,0.0,100.0,10.0,0,0,0,127,127,127,1.0,1208.0,1417.0,1000.0,2000.0,6209.0,7000.0,6000.0,7000.0
reject_on_empty,100,10,128,balanced,1,20261009,600,60.0,100,0,128,600,0,0,600,100.0,0.0,0.0,100.0,10.0,0,0,0,127,127,127,1.0,541.0,667.0,0.0,1000.0,5250.0,6544.0999999999985,5000.0,6000.0
per_peer_quota,100,10,128,balanced,2,20261010,600,60.0,100,0,128,600,0,0,600,100.0,0.0,0.0,100.0,10.0,0,0,0,127,127,127,1.0,875.0,1166.0,1000.0,2000.0,5625.0,7335.0999999999985,5000.0,7000.0
admission_control,100,10,128,balanced,2,20261010,600,60.0,100,0,128,600,0,0,600,100.0,0.0,0.0,100.0,10.0,0,0,0,127,127,127,1.0,1084.0,1292.0,1000.0,2000.0,5667.0,6541.05,6000.0,6000.0
reject_on_empty,100,10,128,balanced,2,20261010,600,60.0,100,0,128,600,0,0,600,100.0,0.0,0.0,100.0,10.0,0,0,0,127,127,127,1.0,542.0,667.0,0.0,1000.0,5708.0,6002.0999999999985,5000.0,6000.0
explicit_downgrade,100,10,128,balanced,2,20261010,600,60.0,100,0,128,600,0,0,600,100.0,0.0,0.0,100.0,10.0,0,0,0,127,127,127,1.0,542.0,750.0,0.0,1000.0,5417.0,6417.0,5000.0,6000.0
admission_control,100,10,128,balanced,3,20261011,600,60.0,100,0,128,600,0,0,600,100.0,0.0,0.0,100.0,10.0,0,0,0,127,127,127,1.0,1125.0,1333.0,1000.0,2000.0,5875.0,6671.149999999996,6000.0,7000.0
reject_on_empty,100,10,128,balanced,3,20261011,600,60.0,100,0,128,600,0,0,600,100.0,0.0,0.0,100.0,10.0,0,0,0,127,127,127,1.0,542.0,666.0,0.0,1000.0,5708.0,6000.0,5000.0,6000.0
explicit_downgrade,100,10,128,balanced,3,20261011,600,60.0,100,0,128,600,0,0,600,100.0,0.0,0.0,100.0,10.0,0,0,0,127,127,127,1.0,583.0,667.0,0.0,1000.0,5708.0,6211.049999999998,5000.0,6000.0
per_peer_quota,100,10,128,balanced,3,20261011,600,60.0,100,0,128,600,0,0,600,100.0,0.0,0.0,100.0,10.0,0,0,0,127,127,127,1.0,917.0,1042.0,1000.0,2000.0,6125.0,6417.0,6000.0,6000.0
explicit_downgrade,100,10,128,skewed,1,20261009,600,60.0,100,0,128,600,0,0,600,100.0,0.0,0.0,100.0,10.0,0,0,0,127,127,127,1.0,542.0,708.0,0.0,1000.0,5750.0,6125.0,5000.0,6000.0
per_peer_quota,100,10,128,skewed,1,20261009,600,60.0,100,0,128,600,0,0,600,100.0,0.0,0.0,100.0,10.0,0,0,0,127,127,127,1.0,959.0,1125.0,1000.0,2000.0,6167.0,6544.049999999998,6000.0,7000.0
admission_control,100,10,128,skewed,1,20261009,600,60.0,100,0,128,600,0,0,600,100.0,0.0,0.0,100.0,10.0,0,0,0,127,127,127,1.0,1167.0,1334.0,1000.0,2000.0,6125.0,6625.0,6000.0,7000.0
reject_on_empty,100,10,128,skewed,1,20261009,600,60.0,100,0,128,600,0,0,600,100.0,0.0,0.0,100.0,10.0,0,0,0,127,127,127,1.0,542.0,666.0,0.0,1000.0,5708.0,6041.05,5000.0,6000.0
per_peer_quota,100,10,128,skewed,2,20261010,600,60.0,100,0,128,600,0,0,600,100.0,0.0,0.0,100.0,10.0,0,0,0,127,127,127,1.0,958.0,1125.0,1000.0,2000.0,6125.0,6625.0,6000.0,7000.0
admission_control,100,10,128,skewed,2,20261010,600,60.0,100,0,128,600,0,0,600,100.0,0.0,0.0,100.0,10.0,0,0,0,127,127,127,1.0,1166.0,1336.0499999999981,1000.0,2000.0,6083.0,6625.0,6000.0,6049.9999999999545
reject_on_empty,100,10,128,skewed,2,20261010,600,60.0,100,0,128,600,0,0,600,100.0,0.0,0.0,100.0,10.0,0,0,0,127,127,127,1.0,542.0,708.0,0.0,1000.0,5437.5,6086.049999999998,5000.0,6000.0
explicit_downgrade,100,10,128,skewed,2,20261010,600,60.0,100,0,128,600,0,0,600,100.0,0.0,0.0,100.0,10.0,0,0,0,127,127,127,1.0,542.0,708.0,0.0,1000.0,5709.0,6250.0,5000.0,6000.0
admission_control,100,10,128,skewed,3,20261011,600,60.0,100,0,128,600,0,0,600,100.0,0.0,0.0,100.0,10.0,0,0,0,127,127,127,1.0,1167.0,1334.0,1000.0,2000.0,6167.0,6666.0,6000.0,7000.0
reject_on_empty,100,10,128,skewed,3,20261011,600,60.0,100,0,128,600,0,0,600,100.0,0.0,0.0,100.0,10.0,0,0,0,127,127,127,1.0,562.5,1044.0499999999981,0.0,1000.0,5729.5,12223.19999999995,5000.0,9099.999999999909
explicit_downgrade,100,10,128,skewed,3,20261011,600,60.0,100,0,128,600,0,0,600,100.0,0.0,0.0,100.0,10.0,0,0,0,127,127,127,1.0,583.0,752.0499999999981,0.0,1000.0,5333.0,6919.049999999998,5000.0,7000.0
per_peer_quota,100,10,128,skewed,3,20261011,600,60.0,100,0,128,600,0,0,600,100.0,0.0,0.0,100.0,10.0,0,0,0,127,127,127,1.0,958.0,1375.0,1000.0,2000.0,5729.5,8336.049999999997,6000.0,8000.0
explicit_downgrade,100,20,128,balanced,1,20261009,1200,60.0,200,0,128,1200,0,0,1200,100.0,0.0,0.0,100.0,20.0,0,0,0,127,127,127,1.0,542.0,708.05,0.0,1000.0,5292.0,6918.0999999999985,5000.0,7000.0
per_peer_quota,100,20,128,balanced,1,20261009,1200,60.0,200,0,128,1196,0,4,1196,99.66666666666667,0.0,0.3333333333333333,99.66666666666667,19.933333333333334,4,0,0,127,127,127.00333333333333,0.9999944690825598,958.0,1211.0499999999981,1000.0,2000.0,6125.0,7252.049999999998,6000.0,7000.0
admission_control,100,20,128,balanced,1,20261009,1200,60.0,200,0,128,1200,0,0,1200,100.0,0.0,0.0,100.0,20.0,0,0,0,127,127,127,1.0,1125.0,1458.0,1000.0,2000.0,5792.0,8125.0,6000.0,8000.0
reject_on_empty,100,20,128,balanced,1,20261009,1200,60.0,200,0,128,1200,0,0,1200,100.0,0.0,0.0,100.0,20.0,0,0,0,127,127,127,1.0,542.0,667.0,0.0,1000.0,5333.0,6209.0,5000.0,6000.0
per_peer_quota,100,20,128,balanced,2,20261010,1200,60.0,200,0,128,1197,0,3,1197,99.75,0.0,0.25,99.75,19.95,3,0,0,127,127,127.0025,0.9999978627219752,917.0,1166.0,1000.0,2000.0,5667.0,6833.0,6000.0,7000.0
admission_control,100,20,128,balanced,2,20261010,1200,60.0,200,0,128,1200,0,0,1200,100.0,0.0,0.0,100.0,20.0,0,0,0,127,127,127,1.0,1125.0,1375.0,1000.0,2000.0,5750.0,7125.0,6000.0,7000.0
reject_on_empty,100,20,128,balanced,2,20261010,1200,60.0,200,0,128,1200,0,0,1200,100.0,0.0,0.0,100.0,20.0,0,0,0,127,127,127,1.0,583.0,667.0,0.0,1000.0,5750.0,6417.0,5000.0,7000.0
explicit_downgrade,100,20,128,balanced,2,20261010,1200,60.0,200,0,128,1200,0,0,1200,100.0,0.0,0.0,100.0,20.0,0,0,0,127,127,127,1.0,542.0,667.0,0.0,1000.0,5333.0,6502.049999999998,5000.0,7000.0
admission_control,100,20,128,balanced,3,20261011,1200,60.0,200,0,128,1200,0,0,1200,100.0,0.0,0.0,100.0,20.0,0,0,0,127,127,127,1.0,1166.0,1375.0,1000.0,2000.0,6125.0,8708.0,6000.0,9000.0
reject_on_empty,100,20,128,balanced,3,20261011,1200,60.0,200,0,128,1200,0,0,1200,100.0,0.0,0.0,100.0,20.0,0,0,0,127,127,127,1.0,542.0,708.0,0.0,1000.0,5292.0,6708.0,5000.0,7000.0
explicit_downgrade,100,20,128,balanced,3,20261011,1200,60.0,200,0,128,1200,0,0,1200,100.0,0.0,0.0,100.0,20.0,0,0,0,127,127,127,1.0,542.0,625.0,0.0,1000.0,5667.0,6125.0,5000.0,6000.0
per_peer_quota,100,20,128,balanced,3,20261011,1200,60.0,200,0,128,1189,0,11,1189,99.08333333333333,0.0,0.9166666666666666,99.08333333333333,19.816666666666666,11,0,0,127,127,127.00916666666667,0.9999924227493583,917.0,1250.0,1000.0,2000.0,5750.0,7208.05,6000.0,7000.0
explicit_downgrade,100,20,128,skewed,1,20261009,1200,60.0,200,0,128,1200,0,0,1200,100.0,0.0,0.0,100.0,20.0,0,0,0,127,127,127,1.0,541.0,627.0499999999981,0.0,1000.0,5625.0,6210.0999999999985,5000.0,6000.0
per_peer_quota,100,20,128,skewed,1,20261009,1200,60.0,200,0,128,916,0,284,916,76.33333333333333,0.0,23.666666666666668,76.33333333333333,15.266666666666667,284,0,0,127,127,127.23666666666666,0.9759269163912819,1000.0,1334.0,1000.0,2000.0,5708.0,7002.049999999998,6000.0,7000.0
admission_control,100,20,128,skewed,1,20261009,1200,60.0,200,0,128,1200,0,0,1200,100.0,0.0,0.0,100.0,20.0,0,0,0,127,127,127,1.0,1166.0,1375.0,1000.0,2000.0,6083.0,6792.0,6000.0,7000.0
reject_on_empty,100,20,128,skewed,1,20261009,1200,60.0,200,0,128,1200,0,0,1200,100.0,0.0,0.0,100.0,20.0,0,0,0,127,127,127,1.0,542.0,667.0,0.0,1000.0,5708.0,6210.0999999999985,5000.0,6000.0
per_peer_quota,100,20,128,skewed,2,20261010,1200,60.0,200,0,128,935,0,265,935,77.91666666666667,0.0,22.083333333333332,77.91666666666667,15.583333333333334,265,0,0,127,127,127.22083333333333,0.978588381024473,1000.0,1334.0,1000.0,2000.0,5791.0,6875.0,6000.0,7000.0
admission_control,100,20,128,skewed,2,20261010,1200,60.0,200,0,128,1200,0,0,1200,100.0,0.0,0.0,100.0,20.0,0,0,0,127,127,127,1.0,1125.0,1458.0,1000.0,2000.0,5792.0,7000.0,6000.0,7000.0
reject_on_empty,100,20,128,skewed,2,20261010,1200,60.0,200,0,128,1200,0,0,1200,100.0,0.0,0.0,100.0,20.0,0,0,0,127,127,127,1.0,542.0,708.0,0.0,1000.0,5708.0,6793.0999999999985,5000.0,6000.0
explicit_downgrade,100,20,128,skewed,2,20261010,1200,60.0,200,0,128,1200,0,0,1200,100.0,0.0,0.0,100.0,20.0,0,0,0,127,127,127,1.0,542.0,625.0,0.0,1000.0,5708.0,5959.0,5000.0,6000.0
admission_control,100,20,128,skewed,3,20261011,1200,60.0,200,0,128,1200,0,0,1200,100.0,0.0,0.0,100.0,20.0,0,0,0,127,127,127,1.0,1167.0,1333.0,1000.0,2000.0,6125.0,6666.0,6000.0,7000.0
reject_on_empty,100,20,128,skewed,3,20261011,1200,60.0,200,0,128,1200,0,0,1200,100.0,0.0,0.0,100.0,20.0,0,0,0,127,127,127,1.0,583.0,709.0,0.0,1000.0,5750.0,7252.0999999999985,5000.0,7000.0
explicit_downgrade,100,20,128,skewed,3,20261011,1200,60.0,200,0,128,1200,0,0,1200,100.0,0.0,0.0,100.0,20.0,0,0,0,127,127,127,1.0,542.0,667.0,0.0,1000.0,5416.0,6208.0,5000.0,6000.0
per_peer_quota,100,20,128,skewed,3,20261011,1200,60.0,200,0,128,922,0,278,922,76.83333333333333,0.0,23.166666666666668,76.83333333333333,15.366666666666667,278,0,0,127,127,127.23166666666667,0.976938887235563,1000.0,1333.0,1000.0,2000.0,6084.0,6584.0,6000.0,7000.0
explicit_downgrade,100,50,128,balanced,1,20261009,3000,60.0,500,0,128,3000,0,0,3000,100.0,0.0,0.0,100.0,50.0,0,0,0,127,127,127,1.0,542.0,666.0,0.0,1000.0,5708.0,6084.0,5000.0,6000.0
per_peer_quota,100,50,128,balanced,1,20261009,3000,60.0,500,0,128,2125,0,875,2125,70.83333333333333,0.0,29.166666666666668,70.83333333333333,35.416666666666664,875,0,0,128,127,127.29166666666667,0.9992526616662089,1042.0,1333.0,1000.0,2000.0,5750.0,6542.0,6000.0,6000.0
admission_control,100,50,128,balanced,1,20261009,3000,60.0,500,0,128,3000,0,0,3000,100.0,0.0,0.0,100.0,50.0,0,0,0,127,127,127,1.0,1166.0,1416.0,1000.0,2000.0,6084.0,7000.0,6000.0,7000.0
reject_on_empty,100,50,128,balanced,1,20261009,3000,60.0,500,0,128,3000,0,0,3000,100.0,0.0,0.0,100.0,50.0,0,0,0,127,127,127,1.0,542.0,708.0,0.0,1000.0,5708.0,6458.0,5000.0,6000.0
per_peer_quota,100,50,128,balanced,2,20261010,3000,60.0,500,0,128,2094,0,906,2094,69.8,0.0,30.2,69.8,34.9,906,0,0,128,127,127.302,0.9991850713110237,1042.0,1333.0,1000.0,2000.0,5750.0,6709.0,6000.0,7000.0
admission_control,100,50,128,balanced,2,20261010,3000,60.0,500,0,128,3000,0,0,3000,100.0,0.0,0.0,100.0,50.0,0,0,0,127,127,127,1.0,1167.0,1375.0,1000.0,2000.0,6167.0,6709.0,6000.0,7000.0
reject_on_empty,100,50,128,balanced,2,20261010,3000,60.0,500,0,128,3000,0,0,3000,100.0,0.0,0.0,100.0,50.0,0,0,0,127,127,127,1.0,542.0,708.0,0.0,1000.0,5333.0,6250.0,5000.0,6000.0
explicit_downgrade,100,50,128,balanced,2,20261010,3000,60.0,500,0,128,3000,0,0,3000,100.0,0.0,0.0,100.0,50.0,0,0,0,127,127,127,1.0,541.0,750.0,0.0,1000.0,5333.0,7541.0,5000.0,7000.0
admission_control,100,50,128,balanced,3,20261011,3000,60.0,500,0,128,3000,0,0,3000,100.0,0.0,0.0,100.0,50.0,0,0,0,127,127,127,1.0,1167.0,1375.0,1000.0,2000.0,6208.0,6791.0,6000.0,7000.0
reject_on_empty,100,50,128,balanced,3,20261011,3000,60.0,500,0,128,3000,0,0,3000,100.0,0.0,0.0,100.0,50.0,0,0,0,127,127,127,1.0,542.0,667.0,0.0,1000.0,5667.0,6084.0,5000.0,6000.0
explicit_downgrade,100,50,128,balanced,3,20261011,3000,60.0,500,0,128,3000,0,0,3000,100.0,0.0,0.0,100.0,50.0,0,0,0,127,127,127,1.0,542.0,625.0,0.0,1000.0,5708.0,6000.0,5000.0,6000.0
per_peer_quota,100,50,128,balanced,3,20261011,3000,60.0,500,0,128,2092,0,908,2092,69.73333333333333,0.0,30.266666666666666,69.73333333333333,34.86666666666667,908,0,0,127,127,127.30266666666667,0.999906406976323,1041.0,1292.0,1000.0,2000.0,5916.0,6584.0,6000.0,7000.0
explicit_downgrade,100,50,128,skewed,1,20261009,3000,60.0,500,0,128,3000,0,0,3000,100.0,0.0,0.0,100.0,50.0,0,0,0,127,127,127,1.0,542.0,666.0,0.0,1000.0,5667.0,6167.0,5000.0,6000.0
per_peer_quota,100,50,128,skewed,1,20261009,3000,60.0,500,0,128,1493,0,1507,1493,49.766666666666666,0.0,50.233333333333334,49.766666666666666,24.883333333333333,1507,0,0,128,127,127.50233333333334,0.8763511834531759,1083.0,1334.0,1000.0,2000.0,2208.0,6667.0,3000.0,7000.0
admission_control,100,50,128,skewed,1,20261009,3000,60.0,500,0,128,3000,0,0,3000,100.0,0.0,0.0,100.0,50.0,0,0,0,127,127,127,1.0,1167.0,1291.0,1000.0,2000.0,6125.0,6416.0,6000.0,6000.0
reject_on_empty,100,50,128,skewed,1,20261009,3000,60.0,500,0,128,3000,0,0,3000,100.0,0.0,0.0,100.0,50.0,0,0,0,127,127,127,1.0,542.0,625.0,0.0,1000.0,5708.0,5959.0,5000.0,6000.0
per_peer_quota,100,50,128,skewed,2,20261010,3000,60.0,500,0,128,1439,0,1561,1439,47.96666666666667,0.0,52.03333333333333,47.96666666666667,23.983333333333334,1561,0,0,128,127,127.52033333333334,0.8738286919368335,1083.0,1292.0,1000.0,2000.0,1687.5,6500.0,2000.0,6000.0
admission_control,100,50,128,skewed,2,20261010,3000,60.0,500,0,128,3000,0,0,3000,100.0,0.0,0.0,100.0,50.0,0,0,0,127,127,127,1.0,1166.0,1292.0,1000.0,2000.0,6166.0,6541.0,6000.0,6000.0
reject_on_empty,100,50,128,skewed,2,20261010,3000,60.0,500,0,128,3000,0,0,3000,100.0,0.0,0.0,100.0,50.0,0,0,0,127,127,127,1.0,542.0,625.0,0.0,1000.0,5708.0,5958.049999999999,5000.0,6000.0
explicit_downgrade,100,50,128,skewed,2,20261010,3000,60.0,500,0,128,3000,0,0,3000,100.0,0.0,0.0,100.0,50.0,0,0,0,127,127,127,1.0,541.0,625.0,0.0,1000.0,5250.0,5958.0,5000.0,6000.0
admission_control,100,50,128,skewed,3,20261011,3000,60.0,500,0,128,3000,0,0,3000,100.0,0.0,0.0,100.0,50.0,0,0,0,127,127,127,1.0,1167.0,1334.0,1000.0,2000.0,6167.0,6875.0,6000.0,7000.0
reject_on_empty,100,50,128,skewed,3,20261011,3000,60.0,500,0,128,3000,0,0,3000,100.0,0.0,0.0,100.0,50.0,0,0,0,127,127,127,1.0,542.0,667.0,0.0,1000.0,5709.0,6083.049999999999,5000.0,6000.0
explicit_downgrade,100,50,128,skewed,3,20261011,3000,60.0,500,0,128,3000,0,0,3000,100.0,0.0,0.0,100.0,50.0,0,0,0,127,127,127,1.0,542.0,667.0,0.0,1000.0,5708.0,6209.0,5000.0,6000.0
per_peer_quota,100,50,128,skewed,3,20261011,3000,60.0,500,0,128,1507,0,1493,1507,50.233333333333334,0.0,49.766666666666666,50.233333333333334,25.116666666666667,1493,0,0,128,127,127.49766666666666,0.8774181096248894,1084.0,1333.0,1000.0,2000.0,5500.0,6584.0,4000.0,6049.999999999727
explicit_downgrade,100,100,128,balanced,1,20261009,6000,60.0,1000,0,128,6000,0,0,6000,100.0,0.0,0.0,100.0,100.0,0,0,0,127,127,127,1.0,542.0,708.0,0.0,1000.0,5750.0,6209.0,5000.0,6000.0
per_peer_quota,100,100,128,balanced,1,20261009,6000,60.0,1000,0,128,2295,0,3705,2295,38.25,0.0,61.75,38.25,38.25,3705,0,0,128,127,127.6175,0.9991532588581952,1166.0,1417.0,1000.0,2000.0,1584.0,6584.0,2000.0,6000.0
admission_control,100,100,128,balanced,1,20261009,6000,60.0,1000,0,128,6000,0,0,6000,100.0,0.0,0.0,100.0,100.0,0,0,0,127,127,127,1.0,1167.0,1333.0,1000.0,2000.0,6167.0,6583.0,6000.0,7000.0
reject_on_empty,100,100,128,balanced,1,20261009,6000,60.0,1000,0,128,6000,0,0,6000,100.0,0.0,0.0,100.0,100.0,0,0,0,127,127,127,1.0,541.0,666.0,0.0,1000.0,5583.0,6084.0,5000.0,6000.0
per_peer_quota,100,100,128,balanced,2,20261010,6000,60.0,1000,0,128,2285,0,3715,2285,38.083333333333336,0.0,61.916666666666664,38.083333333333336,38.083333333333336,3715,0,0,127,127,127.61916666666667,0.9995403285726041,1125.0,1333.0,1000.0,2000.0,1542.0,6459.0,2000.0,6000.0
admission_control,100,100,128,balanced,2,20261010,6000,60.0,1000,0,128,6000,0,0,6000,100.0,0.0,0.0,100.0,100.0,0,0,0,127,127,127,1.0,1167.0,1333.0,1000.0,2000.0,6167.0,6500.0,6000.0,6000.0
reject_on_empty,100,100,128,balanced,2,20261010,6000,60.0,1000,0,128,6000,0,0,6000,100.0,0.0,0.0,100.0,100.0,0,0,0,127,127,127,1.0,542.0,625.0,0.0,1000.0,5709.0,6000.0,5000.0,6000.0
explicit_downgrade,100,100,128,balanced,2,20261010,6000,60.0,1000,0,128,6000,0,0,6000,100.0,0.0,0.0,100.0,100.0,0,0,0,127,127,127,1.0,542.0,667.0,0.0,1000.0,5750.0,6291.0,5000.0,6000.0
admission_control,100,100,128,balanced,3,20261011,6000,60.0,1000,0,128,6000,0,0,6000,100.0,0.0,0.0,100.0,100.0,0,0,0,127,127,127,1.0,1125.0,1334.0,1000.0,2000.0,5916.0,6794.0500000000075,6000.0,7000.0
reject_on_empty,100,100,128,balanced,3,20261011,6000,60.0,1000,0,128,6000,0,0,6000,100.0,0.0,0.0,100.0,100.0,0,0,0,127,127,127,1.0,542.0,708.0,0.0,1000.0,5667.0,6167.0,5000.0,6000.0
explicit_downgrade,100,100,128,balanced,3,20261011,6000,60.0,1000,0,128,6000,0,0,6000,100.0,0.0,0.0,100.0,100.0,0,0,0,127,127,127,1.0,542.0,708.0,0.0,1000.0,5541.0,6458.0,5000.0,6000.0
per_peer_quota,100,100,128,balanced,3,20261011,6000,60.0,1000,0,128,2292,0,3708,2292,38.2,0.0,61.8,38.2,38.2,3708,0,0,128,127,127.618,0.9996327889199862,1125.0,1458.0,1000.0,2000.0,1625.0,6875.0,2000.0,7000.0
explicit_downgrade,100,100,128,skewed,1,20261009,6000,60.0,1000,0,128,6000,0,0,6000,100.0,0.0,0.0,100.0,100.0,0,0,0,127,127,127,1.0,542.0,708.0,0.0,1000.0,5667.0,6166.0,5000.0,6000.0
per_peer_quota,100,100,128,skewed,1,20261009,6000,60.0,1000,0,128,2038,0,3962,2038,33.96666666666667,0.0,66.03333333333333,33.96666666666667,33.96666666666667,3962,0,0,128,127,127.66033333333333,0.835556128399284,1125.0,1459.0,1000.0,2000.0,1584.0,7002.100000000008,2000.0,7000.0
admission_control,100,100,128,skewed,1,20261009,6000,60.0,1000,0,128,6000,0,0,6000,100.0,0.0,0.0,100.0,100.0,0,0,0,127,127,127,1.0,1167.0,1461.0500000000075,1000.0,2000.0,6125.0,7250.0,6000.0,7000.0
reject_on_empty,100,100,128,skewed,1,20261009,6000,60.0,1000,0,128,6000,0,0,6000,100.0,0.0,0.0,100.0,100.0,0,0,0,127,127,127,1.0,542.0,667.0,0.0,1000.0,5708.0,6294.0500000000075,5000.0,6000.0
per_peer_quota,100,100,128,skewed,2,20261010,6000,60.0,1000,0,128,2012,0,3988,2012,33.53333333333333,0.0,66.46666666666667,33.53333333333333,33.53333333333333,3988,0,0,128,127,127.66466666666666,0.8313481975552556,1125.0,1292.0,1000.0,2000.0,1541.0,6458.0,2000.0,6000.0
admission_control,100,100,128,skewed,2,20261010,6000,60.0,1000,0,128,6000,0,0,6000,100.0,0.0,0.0,100.0,100.0,0,0,0,127,127,127,1.0,1167.0,1334.0,1000.0,2000.0,6167.0,6750.0,6000.0,7000.0
reject_on_empty,100,100,128,skewed,2,20261010,6000,60.0,1000,0,128,6000,0,0,6000,100.0,0.0,0.0,100.0,100.0,0,0,0,127,127,127,1.0,542.0,667.0,0.0,1000.0,5666.0,6166.0,5000.0,6000.0
explicit_downgrade,100,100,128,skewed,2,20261010,6000,60.0,1000,0,128,6000,0,0,6000,100.0,0.0,0.0,100.0,100.0,0,0,0,127,127,127,1.0,542.0,625.0,0.0,1000.0,5708.0,6000.0,5000.0,6000.0
admission_control,100,100,128,skewed,3,20261011,6000,60.0,1000,0,128,6000,0,0,6000,100.0,0.0,0.0,100.0,100.0,0,0,0,127,127,127,1.0,1166.0,1292.0,1000.0,2000.0,6125.0,6417.0,6000.0,6000.0
reject_on_empty,100,100,128,skewed,3,20261011,6000,60.0,1000,0,128,6000,0,0,6000,100.0,0.0,0.0,100.0,100.0,0,0,0,127,127,127,1.0,542.0,625.0,0.0,1000.0,5667.0,5958.0,5000.0,6000.0
explicit_downgrade,100,100,128,skewed,3,20261011,6000,60.0,1000,0,128,6000,0,0,6000,100.0,0.0,0.0,100.0,100.0,0,0,0,127,127,127,1.0,583.0,667.0,0.0,1000.0,5667.0,5917.0,5000.0,6000.0
per_peer_quota,100,100,128,skewed,3,20261011,6000,60.0,1000,0,128,2027,0,3973,2027,33.78333333333333,0.0,66.21666666666667,33.78333333333333,33.78333333333333,3973,0,0,128,127,127.66216666666666,0.8361535672348105,1125.0,1333.0,1000.0,2000.0,1541.0,6417.0,2000.0,6000.0
