supply_kbps,request_rate,pool_depth,workload,policy,attempts,hybrid_pct,pqc_only_pct,rejected_pct,mean_remaining_keys,mean_jain,guard_median_us,guard_p95_us
1,1,128,balanced,admission_control,180,100.0,0.0,0.0,100.58333333333333,1.0,1.042,1.4580499999999998
1,1,128,balanced,explicit_downgrade,180,100.0,0.0,0.0,100.03333333333333,1.0,0.5,0.6690499999999993
1,1,128,balanced,per_peer_quota,180,100.0,0.0,0.0,100.03333333333333,1.0,0.792,1.0440499999999993
1,1,128,balanced,reject_on_empty,180,100.0,0.0,0.0,100.03333333333333,1.0,0.5,0.708
1,1,128,skewed,admission_control,180,100.0,0.0,0.0,100.58333333333333,1.0,1.083,1.2520999999999993
1,1,128,skewed,explicit_downgrade,180,100.0,0.0,0.0,100.03333333333333,1.0,0.5,0.666
1,1,128,skewed,per_peer_quota,180,100.0,0.0,0.0,100.03333333333333,1.0,0.7915,1.084
1,1,128,skewed,reject_on_empty,180,100.0,0.0,0.0,100.03333333333333,1.0,0.541,0.708
1,10,128,balanced,admission_control,1800,39.0,0.0,61.0,6.0,0.9933159344185187,1.125,1.458
1,10,128,balanced,explicit_downgrade,1800,39.0,61.0,0.0,0.0,0.9933159344185187,0.541,0.667
1,10,128,balanced,per_peer_quota,1800,39.0,0.0,61.0,0.0,0.9933159344185187,0.834,1.042
1,10,128,balanced,reject_on_empty,1800,39.0,0.0,61.0,0.0,0.9933159344185187,0.5,0.708
1,10,128,skewed,admission_control,1800,39.0,0.0,61.0,6.0,0.970632716339391,1.167,1.375
1,10,128,skewed,explicit_downgrade,1800,39.0,61.0,0.0,0.0,0.970632716339391,0.541,0.666
1,10,128,skewed,per_peer_quota,1800,39.0,0.0,61.0,0.0,0.970632716339391,0.916,1.042
1,10,128,skewed,reject_on_empty,1800,39.0,0.0,61.0,0.0,0.970632716339391,0.541,0.666
1,100,128,balanced,admission_control,18000,3.9,0.0,96.1,6.0,0.9862667754166048,1.208,1.459
1,100,128,balanced,explicit_downgrade,18000,3.9,96.1,0.0,0.0,0.9862667754166048,0.542,0.667
1,100,128,balanced,per_peer_quota,18000,3.9,0.0,96.1,0.05711111111111111,0.9834867487333633,1.125,1.417
1,100,128,balanced,reject_on_empty,18000,3.9,0.0,96.1,0.0,0.9862667754166048,0.542,0.709
1,100,128,skewed,admission_control,18000,3.9,0.0,96.1,6.0,0.9762130176917005,1.209,1.5
1,100,128,skewed,explicit_downgrade,18000,3.9,96.1,0.0,0.0,0.9762130176917005,0.542,0.667
1,100,128,skewed,per_peer_quota,18000,3.911111111111111,0.0,96.08888888888889,0.09755555555555555,0.7891496983491478,1.125,1.375
1,100,128,skewed,reject_on_empty,18000,3.9,0.0,96.1,0.0,0.9762130176917005,0.541,0.708
1,20,128,balanced,admission_control,3600,19.5,0.0,80.5,6.0,0.9934430769774724,1.167,1.375
1,20,128,balanced,explicit_downgrade,3600,19.5,80.5,0.0,0.0,0.9934430769774724,0.541,0.625
1,20,128,balanced,per_peer_quota,3600,19.5,0.0,80.5,0.0005555555555555556,0.9940281033758248,0.917,1.125
1,20,128,balanced,reject_on_empty,3600,19.5,0.0,80.5,0.0,0.9934430769774724,0.542,0.625
1,20,128,skewed,admission_control,3600,19.5,0.0,80.5,6.0,0.975878645104077,1.167,1.375
1,20,128,skewed,explicit_downgrade,3600,19.5,80.5,0.0,0.0,0.975878645104077,0.541,0.667
1,20,128,skewed,per_peer_quota,3600,19.5,0.0,80.5,0.06277777777777778,0.9570911088520998,1.0,1.292
1,20,128,skewed,reject_on_empty,3600,19.5,0.0,80.5,0.0,0.975878645104077,0.541,0.667
1,5,128,balanced,admission_control,900,78.0,0.0,22.0,6.0,0.9983404247494977,1.083,1.375
1,5,128,balanced,explicit_downgrade,900,78.0,22.0,0.0,0.0,0.9983404247494977,0.541,0.667
1,5,128,balanced,per_peer_quota,900,78.0,0.0,22.0,0.0,0.9983404247494977,0.833,1.125
1,5,128,balanced,reject_on_empty,900,78.0,0.0,22.0,0.0,0.9983404247494977,0.542,0.708
1,5,128,skewed,admission_control,900,78.0,0.0,22.0,6.0,0.9959700644691533,1.125,1.417
1,5,128,skewed,explicit_downgrade,900,78.0,22.0,0.0,0.0,0.9959700644691533,0.541,0.709
1,5,128,skewed,per_peer_quota,900,78.0,0.0,22.0,0.0,0.9959700644691533,0.875,1.083
1,5,128,skewed,reject_on_empty,900,78.0,0.0,22.0,0.0,0.9959700644691533,0.542,0.667
1,50,128,balanced,admission_control,9000,7.8,0.0,92.2,6.0,0.979254958558094,1.209,1.417
1,50,128,balanced,explicit_downgrade,9000,7.8,92.2,0.0,0.0,0.979254958558094,0.542,0.667
1,50,128,balanced,per_peer_quota,9000,7.811111111111111,0.0,92.18888888888888,0.03377777777777778,0.9906809172816933,1.041,1.292
1,50,128,balanced,reject_on_empty,9000,7.8,0.0,92.2,0.0,0.979254958558094,0.542,0.667
1,50,128,skewed,admission_control,9000,7.8,0.0,92.2,6.0,0.968268141439101,1.209,1.375
1,50,128,skewed,explicit_downgrade,9000,7.8,92.2,0.0,0.0,0.968268141439101,0.541,0.625
1,50,128,skewed,per_peer_quota,9000,7.833333333333333,0.0,92.16666666666667,0.09522222222222222,0.8306426858896382,1.083,1.292
1,50,128,skewed,reject_on_empty,9000,7.8,0.0,92.2,0.0,0.968268141439101,0.541,0.667
10,1,128,balanced,admission_control,180,100.0,0.0,0.0,127.0,1.0,1.125,1.3360499999999993
10,1,128,balanced,explicit_downgrade,180,100.0,0.0,0.0,127.0,1.0,0.542,0.6660499999999999
10,1,128,balanced,per_peer_quota,180,100.0,0.0,0.0,127.0,1.0,0.7915,0.875
10,1,128,balanced,reject_on_empty,180,100.0,0.0,0.0,127.0,1.0,0.5,0.584
10,1,128,skewed,admission_control,180,100.0,0.0,0.0,127.0,1.0,1.125,1.292
10,1,128,skewed,explicit_downgrade,180,100.0,0.0,0.0,127.0,1.0,0.542,0.625
10,1,128,skewed,per_peer_quota,180,100.0,0.0,0.0,127.0,1.0,0.792,0.9190499999999993
10,1,128,skewed,reject_on_empty,180,100.0,0.0,0.0,127.0,1.0,0.5415,0.625
10,10,128,balanced,admission_control,1800,100.0,0.0,0.0,127.0,1.0,1.125,1.416
10,10,128,balanced,explicit_downgrade,1800,100.0,0.0,0.0,127.0,1.0,0.541,0.6270499999999981
10,10,128,balanced,per_peer_quota,1800,100.0,0.0,0.0,127.0,1.0,0.875,1.083
10,10,128,balanced,reject_on_empty,1800,100.0,0.0,0.0,127.0,1.0,0.542,0.667
10,10,128,skewed,admission_control,1800,100.0,0.0,0.0,127.0,1.0,1.167,1.292
10,10,128,skewed,explicit_downgrade,1800,100.0,0.0,0.0,127.0,1.0,0.542,0.625
10,10,128,skewed,per_peer_quota,1800,100.0,0.0,0.0,127.0,1.0,0.917,1.083
10,10,128,skewed,reject_on_empty,1800,100.0,0.0,0.0,127.0,1.0,0.542,0.666
10,100,128,balanced,admission_control,18000,39.06666666666667,0.0,60.93333333333333,6.0,0.9987623652803816,1.167,1.5
10,100,128,balanced,explicit_downgrade,18000,39.06666666666667,60.93333333333333,0.0,0.0,0.9987623652803816,0.542,0.709
10,100,128,balanced,per_peer_quota,18000,38.17777777777778,0.0,61.82222222222222,47.1465,0.9994421254502618,1.125,1.417
10,100,128,balanced,reject_on_empty,18000,39.06666666666667,0.0,60.93333333333333,0.0,0.9987623652803816,0.542,0.708
10,100,128,skewed,admission_control,18000,39.06666666666667,0.0,60.93333333333333,6.0,0.999178180308985,1.167,1.5
10,100,128,skewed,explicit_downgrade,18000,39.06666666666667,60.93333333333333,0.0,0.0,0.999178180308985,0.542,0.708
10,100,128,skewed,per_peer_quota,18000,33.76111111111111,0.0,66.2388888888889,119.72405555555555,0.8343526310631166,1.125,1.417
10,100,128,skewed,reject_on_empty,18000,39.06666666666667,0.0,60.93333333333333,0.0,0.999178180308985,0.542,0.709
10,20,128,balanced,admission_control,3600,100.0,0.0,0.0,127.0,1.0,1.167,1.459
10,20,128,balanced,explicit_downgrade,3600,100.0,0.0,0.0,127.0,1.0,0.542,0.666
10,20,128,balanced,per_peer_quota,3600,99.5,0.0,0.5,127.005,0.9999949181846312,0.958,1.125
10,20,128,balanced,reject_on_empty,3600,100.0,0.0,0.0,127.0,1.0,0.541,0.667
10,20,128,skewed,admission_control,3600,100.0,0.0,0.0,127.0,1.0,1.125,1.292
10,20,128,skewed,explicit_downgrade,3600,100.0,0.0,0.0,127.0,1.0,0.542,0.625
10,20,128,skewed,per_peer_quota,3600,77.02777777777777,0.0,22.97222222222222,127.22972222222222,0.9771513948837727,0.959,1.292
10,20,128,skewed,reject_on_empty,3600,100.0,0.0,0.0,127.0,1.0,0.542,0.666
10,5,128,balanced,admission_control,900,100.0,0.0,0.0,127.0,1.0,1.167,1.375
10,5,128,balanced,explicit_downgrade,900,100.0,0.0,0.0,127.0,1.0,0.583,0.7110499999999982
10,5,128,balanced,per_peer_quota,900,100.0,0.0,0.0,127.0,1.0,0.875,1.125
10,5,128,balanced,reject_on_empty,900,100.0,0.0,0.0,127.0,1.0,0.583,0.709
10,5,128,skewed,admission_control,900,100.0,0.0,0.0,127.0,1.0,1.125,1.333
10,5,128,skewed,explicit_downgrade,900,100.0,0.0,0.0,127.0,1.0,0.5,0.75
10,5,128,skewed,per_peer_quota,900,100.0,0.0,0.0,127.0,1.0,0.875,1.125
10,5,128,skewed,reject_on_empty,900,100.0,0.0,0.0,127.0,1.0,0.541,0.667
10,50,128,balanced,admission_control,9000,78.13333333333334,0.0,21.866666666666667,6.0,0.9996072704535639,1.125,1.416
10,50,128,balanced,explicit_downgrade,9000,78.13333333333334,21.866666666666667,0.0,0.0,0.9996072704535639,0.542,0.708
10,50,128,balanced,per_peer_quota,9000,70.12222222222222,0.0,29.877777777777776,112.79711111111111,0.9994480466511853,1.0,1.375
10,50,128,balanced,reject_on_empty,9000,78.13333333333334,0.0,21.866666666666667,0.0,0.9996072704535639,0.541,0.7080499999999993
10,50,128,skewed,admission_control,9000,78.13333333333334,0.0,21.866666666666667,6.0,0.9993726971754548,1.083,1.375
10,50,128,skewed,explicit_downgrade,9000,78.13333333333334,21.866666666666667,0.0,0.0,0.9993726971754548,0.583,0.75
10,50,128,skewed,per_peer_quota,9000,49.32222222222222,0.0,50.67777777777778,127.38844444444445,0.8758659950049663,1.083,1.375
10,50,128,skewed,reject_on_empty,9000,78.13333333333334,0.0,21.866666666666667,0.0,0.9993726971754548,0.542,0.667
100,1,128,balanced,admission_control,180,100.0,0.0,0.0,127.0,1.0,1.084,1.41605
100,1,128,balanced,explicit_downgrade,180,100.0,0.0,0.0,127.0,1.0,0.542,0.666
100,1,128,balanced,per_peer_quota,180,100.0,0.0,0.0,127.0,1.0,0.792,1.042
100,1,128,balanced,reject_on_empty,180,100.0,0.0,0.0,127.0,1.0,0.5,0.6270499999999992
100,1,128,skewed,admission_control,180,100.0,0.0,0.0,127.0,1.0,1.166,1.333
100,1,128,skewed,explicit_downgrade,180,100.0,0.0,0.0,127.0,1.0,0.542,0.667
100,1,128,skewed,per_peer_quota,180,100.0,0.0,0.0,127.0,1.0,0.833,1.083
100,1,128,skewed,reject_on_empty,180,100.0,0.0,0.0,127.0,1.0,0.542,0.70805
100,10,128,balanced,admission_control,1800,100.0,0.0,0.0,127.0,1.0,1.125,1.334
100,10,128,balanced,explicit_downgrade,1800,100.0,0.0,0.0,127.0,1.0,0.542,0.709
100,10,128,balanced,per_peer_quota,1800,100.0,0.0,0.0,127.0,1.0,0.916,1.083
100,10,128,balanced,reject_on_empty,1800,100.0,0.0,0.0,127.0,1.0,0.542,0.667
100,10,128,skewed,admission_control,1800,100.0,0.0,0.0,127.0,1.0,1.167,1.334
100,10,128,skewed,explicit_downgrade,1800,100.0,0.0,0.0,127.0,1.0,0.542,0.709
100,10,128,skewed,per_peer_quota,1800,100.0,0.0,0.0,127.0,1.0,0.958,1.167
100,10,128,skewed,reject_on_empty,1800,100.0,0.0,0.0,127.0,1.0,0.542,0.75
100,100,128,balanced,admission_control,18000,100.0,0.0,0.0,127.0,1.0,1.167,1.333
100,100,128,balanced,explicit_downgrade,18000,100.0,0.0,0.0,127.0,1.0,0.542,0.708
100,100,128,balanced,per_peer_quota,18000,38.17777777777778,0.0,61.82222222222222,127.61822222222223,0.9994421254502618,1.125,1.416
100,100,128,balanced,reject_on_empty,18000,100.0,0.0,0.0,127.0,1.0,0.542,0.667
100,100,128,skewed,admission_control,18000,100.0,0.0,0.0,127.0,1.0,1.167,1.375
100,100,128,skewed,explicit_downgrade,18000,100.0,0.0,0.0,127.0,1.0,0.542,0.667
100,100,128,skewed,per_peer_quota,18000,33.76111111111111,0.0,66.2388888888889,127.66238888888888,0.8343526310631166,1.125,1.375
100,100,128,skewed,reject_on_empty,18000,100.0,0.0,0.0,127.0,1.0,0.542,0.666
100,20,128,balanced,admission_control,3600,100.0,0.0,0.0,127.0,1.0,1.125,1.375
100,20,128,balanced,explicit_downgrade,3600,100.0,0.0,0.0,127.0,1.0,0.542,0.667
100,20,128,balanced,per_peer_quota,3600,99.5,0.0,0.5,127.005,0.9999949181846312,0.917,1.209
100,20,128,balanced,reject_on_empty,3600,100.0,0.0,0.0,127.0,1.0,0.542,0.667
100,20,128,skewed,admission_control,3600,100.0,0.0,0.0,127.0,1.0,1.167,1.375
100,20,128,skewed,explicit_downgrade,3600,100.0,0.0,0.0,127.0,1.0,0.542,0.666
100,20,128,skewed,per_peer_quota,3600,77.02777777777777,0.0,22.97222222222222,127.22972222222222,0.9771513948837727,1.0,1.333
100,20,128,skewed,reject_on_empty,3600,100.0,0.0,0.0,127.0,1.0,0.542,0.708
100,5,128,balanced,admission_control,900,100.0,0.0,0.0,127.0,1.0,1.167,1.334
100,5,128,balanced,explicit_downgrade,900,100.0,0.0,0.0,127.0,1.0,0.542,0.667
100,5,128,balanced,per_peer_quota,900,100.0,0.0,0.0,127.0,1.0,0.875,1.084
100,5,128,balanced,reject_on_empty,900,100.0,0.0,0.0,127.0,1.0,0.542,0.667
100,5,128,skewed,admission_control,900,100.0,0.0,0.0,127.0,1.0,1.125,1.375
100,5,128,skewed,explicit_downgrade,900,100.0,0.0,0.0,127.0,1.0,0.542,0.708
100,5,128,skewed,per_peer_quota,900,100.0,0.0,0.0,127.0,1.0,0.875,1.1690499999999981
100,5,128,skewed,reject_on_empty,900,100.0,0.0,0.0,127.0,1.0,0.542,0.667
100,50,128,balanced,admission_control,9000,100.0,0.0,0.0,127.0,1.0,1.167,1.375
100,50,128,balanced,explicit_downgrade,9000,100.0,0.0,0.0,127.0,1.0,0.542,0.667
100,50,128,balanced,per_peer_quota,9000,70.12222222222222,0.0,29.877777777777776,127.29877777777779,0.9994480466511853,1.042,1.333
100,50,128,balanced,reject_on_empty,9000,100.0,0.0,0.0,127.0,1.0,0.542,0.667
100,50,128,skewed,admission_control,9000,100.0,0.0,0.0,127.0,1.0,1.167,1.292
100,50,128,skewed,explicit_downgrade,9000,100.0,0.0,0.0,127.0,1.0,0.542,0.666
100,50,128,skewed,per_peer_quota,9000,49.32222222222222,0.0,50.67777777777778,127.50677777777778,0.8758659950049663,1.083,1.333
100,50,128,skewed,reject_on_empty,9000,100.0,0.0,0.0,127.0,1.0,0.542,0.625
