run,wall_time_ns,cpu_time_ns,mode
0,34083,33000,HYBRID_QKD
1,17458,18000,HYBRID_QKD
2,16292,16000,HYBRID_QKD
3,12709,12000,HYBRID_QKD
4,11958,12000,HYBRID_QKD
5,11958,12000,HYBRID_QKD
6,17292,17000,HYBRID_QKD
7,14291,14000,HYBRID_QKD
8,12334,12000,HYBRID_QKD
9,11916,11000,HYBRID_QKD
10,11833,11000,HYBRID_QKD
11,11750,11000,HYBRID_QKD
12,11708,11000,HYBRID_QKD
13,11500,12000,HYBRID_QKD
14,11542,11000,HYBRID_QKD
15,12625,12000,HYBRID_QKD
16,11750,12000,HYBRID_QKD
17,12041,12000,HYBRID_QKD
18,12209,11000,HYBRID_QKD
19,11875,11000,HYBRID_QKD
