sample,value
0,0.494801000367
1,0.674028063466
2,0.917168082958
3,0.509824620166
4,0.782961067252
5,0.233193483379
6,0.625367690062
7,0.708788384087
8,0.859433105258
9,0.759429440142
10,0.107731640424
11,0.235327877972
12,0.080354830181
13,0.257352288527
14,0.575478005609
15,0.368559396827
16,0.217719808262
17,0.085903534021
18,0.498650417732
19,0.212136604846
20,0.166087232124
21,0.731165428820
22,0.457806297093
23,0.029245806239
24,0.097595056230
25,0.436097443573
26,0.182632706701
27,0.273039930486
28,0.387170869741
29,0.227940843694
30,0.921626533247
31,0.226876743425
32,0.510177641240
33,0.495938286186
34,0.629995693916
35,0.244389166347
36,0.209450139488
37,0.097699233317
38,0.937347390058
39,0.937932755133
40,0.496114282454
41,0.780130370779
42,0.934923113656
43,0.040452930531
44,0.713099656930
45,0.605681626399
46,0.351275128712
47,0.117100659986
48,0.698796822225
49,0.330822554082
50,0.037942881201
51,0.293341446539
52,0.184987422579
53,0.497144751137
54,0.154144015562
55,0.893636048181
56,0.129611879383
57,0.111741583524
58,0.033674102484
59,0.106281880245
60,0.643983492475
61,0.483253980436
62,0.141197523873
63,0.539306781376
64,0.070604339783
65,0.906417601299
66,0.748596790765
67,0.876481917410
68,0.593580043306
69,0.918833249163
70,0.466314697096
71,0.811073771456
72,0.945095026625
73,0.609457956660
74,0.105245401124
75,0.892289821126
76,0.581958442369
77,0.074651318897
78,0.710309328005
79,0.022906204967
80,0.402737684608
81,0.458375998644
82,0.371749603113
83,0.472055357839
84,0.064896009375
85,0.689614902678
86,0.169787021903
87,0.826711516762
88,0.228051331262
89,0.784856543503
90,0.413190085344
91,0.592571426198
92,0.537479947911
93,0.630592269025
94,0.358899720418
95,0.901726721008
96,0.290092913521
97,0.415553652228
98,0.210655610598
99,0.089756977466
100,0.552578035796
101,0.816766624331
102,0.083792313181
103,0.661279733514
104,0.786583340943
105,0.284714308397
106,0.864186588497
107,0.431716986850
108,0.443054094800
109,0.134822312615
110,0.013788341806
111,0.494567744483
112,0.455153697386
113,0.560555811515
114,0.427372070820
115,0.715907108999
116,0.097979930750
117,0.729937189504
118,0.308260917752
119,0.416594757929
120,0.038402248567
121,0.431118153265
122,0.267147803912
123,0.535221969641
124,0.559582147441
125,0.505094919549
126,0.242245574550
127,0.700666985195
128,0.562868134022
129,0.531063094053
130,0.141962419451
131,0.843948279967
132,0.742358901111
133,0.851920522122
134,0.179645119037
135,0.974118641824
136,0.431268538279
137,0.025306162266
138,0.269984576736
139,0.212516363047
140,0.966403907981
141,0.787265648310
142,0.631419328231
143,0.913011766039
144,0.818156645176
145,0.557857245014
146,0.975584956589
147,0.162771496362
148,0.908705631011
149,0.626891087986
150,0.426892843644
151,0.734429176692
152,0.967018582918
153,0.228252547101
154,0.487692245067
155,0.260428918159
156,0.536259151413
157,0.890808488596
158,0.310703157362
159,0.076604972911
160,0.262137706509
161,0.031153399625
162,0.695591479188
163,0.161351071819
164,0.895240049810
165,0.145190719557
166,0.899121069474
167,0.985632711887
168,0.962030452314
169,0.844729119305
170,0.989503275356
171,0.264304667312
172,0.239241625906
173,0.947310789725
174,0.245827962306
175,0.223165999562
176,0.379581407624
177,0.001007202740
178,0.110879947615
179,0.451141900249
180,0.153988538008
181,0.767566033327
182,0.314818126877
183,0.925501465066
184,0.396681558581
185,0.000412725237
186,0.206280780503
187,0.233715240515
188,0.076107227792
189,0.527690694849
190,0.667987557984
191,0.438329508432
192,0.852301457064
193,0.181567992265
194,0.000235371351
195,0.574739569444
196,0.242537303984
197,0.037029587596
198,0.376485407794
199,0.610914814642
200,0.246888527444
201,0.528367810776
202,0.782667878566
203,0.130769478473
204,0.507975188301
205,0.549627176885
206,0.401391546176
207,0.628759607378
208,0.374114187000
209,0.738660118518
210,0.992134753121
211,0.960464225317
212,0.529859987932
213,0.799367474378
214,0.800197726011
215,0.721229242842
216,0.430209303153
217,0.788248250006
218,0.028010238254
219,0.304987810744
220,0.208940994784
221,0.778797037132
222,0.586164504354
223,0.899374378607
224,0.229006768793
225,0.669050063297
226,0.736221821770
227,0.292287917655
228,0.695981001124
229,0.066513129488
230,0.911990315722
231,0.836978793376
232,0.332317080554
233,0.106924076811
234,0.471823719346
235,0.386616317895
236,0.467750072960
237,0.836019529832
238,0.498229531277
239,0.916535235221
240,0.826504548479
241,0.090226239212
242,0.494940308887
243,0.283953396056
244,0.176629629051
245,0.272335761150
246,0.771449650533
247,0.572908469056
248,0.127501249330
249,0.448703846887
250,0.006395465036
251,0.097805171673
252,0.391567228503
253,0.616675264234
254,0.108972045084
255,0.609690674785
256,0.507065550063
257,0.493093637298
258,0.868975509574
259,0.962570168671
260,0.936040951800
261,0.260523912934
262,0.885844083481
263,0.386279096553
264,0.711532891363
265,0.344213022131
266,0.547151033794
267,0.024639071204
268,0.530436801892
269,0.449757253174
270,0.690798702046
271,0.341527564672
272,0.292437815194
273,0.066131280995
274,0.733136979408
275,0.540134412113
276,0.122054761796
277,0.726759035963
278,0.925690270170
279,0.322731487134
280,0.013434016617
281,0.095951605781
282,0.231928855781
283,0.666070924154
284,0.443414181716
285,0.993114429138
286,0.321806408241
287,0.933348045328
288,0.244308191737
289,0.334486755401
290,0.975816785745
291,0.671086327877
292,0.343704481912
293,0.399043238352
294,0.608132406103
295,0.863714081926
296,0.297438823826
297,0.683673544188
298,0.867247266974
299,0.543197512224
300,0.647476986146
301,0.544892872497
302,0.573075916932
303,0.682863514018
304,0.186856542641
305,0.959581464482
306,0.122072108263
307,0.960677219773
308,0.458594228490
309,0.451587126906
310,0.628549067719
311,0.835839655916
312,0.472095583176
313,0.146002122174
314,0.310582156894
315,0.274011566096
316,0.138194616556
317,0.501016719089
318,0.318926585326
319,0.727378659585
320,0.846802041499
321,0.126137916134
322,0.958687835931
323,0.268920441412
324,0.777468469120
325,0.047413575170
326,0.033125991342
327,0.383208133505
328,0.322372288551
329,0.033198146770
330,0.615807868628
331,0.929458922494
332,0.518821887724
333,0.627631320308
334,0.218056164739
335,0.196090131904
336,0.572515052120
337,0.205632487331
338,0.124584429511
339,0.956228010797
340,0.589406185926
341,0.380035617428
342,0.165885166207
343,0.847706200586
344,0.161138431106
345,0.335558609783
346,0.673584327984
347,0.385042285290
348,0.472019940064
349,0.807607413820
350,0.612069876759
351,0.851422038649
352,0.193495750792
353,0.762040200717
354,0.001307902152
355,0.101868100204
356,0.597298798184
357,0.963467299914
358,0.618044707999
359,0.068865985578
360,0.263111199081
361,0.339411011662
362,0.365525158532
363,0.820043548450
364,0.803727298577
365,0.660221708408
366,0.957948158608
367,0.439718775530
368,0.229418740830
369,0.499148574862
370,0.157145367944
371,0.271636917867
372,0.218792364735
373,0.063794212649
374,0.400070651023
375,0.484723258878
376,0.591603005355
377,0.550019825841
378,0.891706720110
379,0.348345694361
380,0.934582622034
381,0.814892215662
382,0.438845359613
383,0.737528221699
384,0.070391486080
385,0.008199944640
386,0.494830992110
387,0.017152026567
388,0.151073758298
389,0.061437402128
390,0.522553091844
391,0.533722588318
392,0.630775930170
393,0.779946684063
394,0.936921707497
395,0.504644349417
396,0.448632305624
397,0.536810389389
398,0.137947152518
399,0.848203368328
400,0.278620647090
401,0.866433422507
402,0.955215069597
403,0.575216460618
404,0.823143958131
405,0.053660626314
406,0.386688088837
407,0.925468044824
408,0.436169096842
409,0.355468897276
410,0.787796938278
411,0.609310384093
412,0.889031288402
413,0.618093261641
414,0.493788097922
415,0.464044000555
416,0.554116608113
417,0.836100460324
418,0.404541549028
419,0.415775022531
420,0.147441507404
421,0.084548682703
422,0.089166714974
423,0.232285621420
424,0.148857216127
425,0.760484543974
426,0.127128860557
427,0.858305273245
428,0.424797247101
429,0.879522062217
430,0.142723899111
431,0.400088335469
432,0.708941537575
433,0.824028371368
434,0.505052690624
435,0.791103081200
436,0.150059499552
437,0.400472826952
438,0.202255832949
439,0.502621236751
440,0.429862504181
441,0.173847582213
442,0.876804490705
443,0.591415723942
444,0.299610622756
445,0.140684910100
446,0.124873429554
447,0.596308248567
448,0.795880838714
449,0.010576373711
450,0.962107799681
451,0.156842871115
452,0.028889779990
453,0.357374003369
454,0.716300799873
455,0.173713116101
456,0.146042057077
457,0.239360716144
458,0.701820392047
459,0.524666548597
460,0.673170172916
461,0.157764276900
462,0.839279278005
463,0.690297776012
464,0.381152908452
465,0.002785655778
466,0.152020919389
467,0.167333576504
468,0.460947647924
469,0.412335525964
470,0.428265454170
471,0.194270233832
472,0.978679961383
473,0.414342713394
474,0.094180758720
475,0.808975308155
476,0.621811439304
477,0.618722855099
478,0.828122480307
479,0.687606036567
480,0.975473747286
481,0.588987694656
482,0.235677635835
483,0.767664635198
484,0.926330664832
485,0.169410291095
486,0.583139750048
487,0.379826657545
488,0.707383568651
489,0.097234806055
490,0.545406383675
491,0.294502480570
492,0.830195822442
493,0.517751759479
494,0.646835821338
495,0.124922775028
496,0.702403118488
497,0.732018281111
498,0.614843133019
499,0.143069639994
500,0.702470981301
501,0.259003086995
502,0.729781242038
503,0.934464362241
504,0.338679105754
505,0.144148227682
506,0.961486586034
507,0.432862026971
508,0.536100202173
509,0.893456955547
510,0.549998027098
511,0.945508722389
512,0.471618519290
513,0.363797358165
514,0.763939109916
515,0.593936194086
516,0.455714684576
517,0.120113044370
518,0.512988898212
519,0.422574796443
520,0.781823903701
521,0.106169491859
522,0.863501631116
523,0.135982875106
524,0.861204660419
525,0.768774779044
526,0.913421692038
527,0.592632330911
528,0.671012933056
529,0.993485353660
530,0.119770940468
531,0.370666004360
532,0.045096642243
533,0.010180889760
534,0.709671463587
535,0.518049738790
536,0.807474522563
537,0.583774969566
538,0.660099548863
539,0.055996175852
540,0.514813314940
541,0.212463567597
542,0.705323671323
543,0.542248077471
544,0.141423158097
545,0.609715148451
546,0.761443686517
547,0.974074355375
548,0.280017471028
549,0.106293443903
550,0.846103569467
551,0.229018488434
552,0.729190387327
553,0.540611140864
554,0.884536997124
555,0.592689976490
556,0.625353275273
557,0.963337976316
558,0.150595630511
559,0.010474900318
560,0.839068695138
561,0.271843506421
562,0.302073652741
563,0.733551215994
564,0.509706512330
565,0.478424560699
566,0.329730696578
567,0.220148868203
568,0.511524486894
569,0.555823747574
570,0.547018170156
571,0.449315075242
572,0.714349765365
573,0.555437577359
574,0.655544943424
575,0.145070218771
576,0.619997799759
577,0.511048940362
578,0.678207807631
579,0.338556236209
580,0.644676572056
581,0.835034071554
582,0.617390265408
583,0.733850011288
584,0.567948099847
585,0.865665091573
586,0.595632131124
587,0.563123325527
588,0.577389573842
589,0.142348707709
590,0.195129663779
591,0.277087230932
592,0.663512021584
593,0.874446624627
594,0.506137487541
595,0.543491013145
596,0.340509955635
597,0.415437605871
598,0.338052005867
599,0.242525765327
600,0.160353780262
601,0.865391252951
602,0.400817923728
603,0.470253053931
604,0.506642629008
605,0.177196274329
606,0.716142472480
607,0.412229878224
608,0.360099269978
609,0.141204730875
610,0.407776832813
611,0.020453269894
612,0.231025957036
613,0.872241626754
614,0.933566697863
615,0.770148918237
616,0.623887647561
617,0.194641888519
618,0.127765336516
619,0.512934212720
620,0.694081994699
621,0.280263120881
622,0.048767652704
623,0.188607545565
624,0.759359392423
625,0.282668019025
626,0.407425591115
627,0.427264092165
628,0.407101031180
629,0.285664820139
630,0.343754491652
631,0.947543503200
632,0.335007477235
633,0.666057928307
634,0.861182260449
635,0.409215385471
636,0.935575482732
637,0.782744524499
638,0.525928164336
639,0.749954708123
640,0.752500638334
641,0.123829673519
642,0.610551628071
643,0.870631627829
644,0.745716209595
645,0.554046982235
646,0.888342256847
647,0.347791372942
648,0.907353581705
649,0.345683298886
650,0.960560728081
651,0.193064741581
652,0.264979446892
653,0.180380147911
654,0.666620148586
655,0.824401802514
656,0.429847772950
657,0.599662043435
658,0.880212157907
659,0.819431548655
660,0.434235684185
661,0.959840168854
662,0.567496695359
663,0.479492531506
664,0.959482996333
665,0.671537753103
666,0.611115067856
667,0.034470188165
668,0.113314217702
669,0.764059030839
670,0.815510984238
671,0.745226226384
672,0.339853234812
673,0.241074509940
674,0.907942521541
675,0.692167166131
676,0.439954491502
677,0.588642154077
678,0.447772994727
679,0.582022442853
680,0.571375459174
681,0.955418436778
682,0.897129826310
683,0.722377653104
684,0.677497799764
685,0.328938846160
686,0.192771825102
687,0.612768761459
688,0.107194548175
689,0.917805280360
690,0.728425827226
691,0.101743463568
692,0.363111924081
693,0.958460430890
694,0.029875550704
695,0.164166459129
696,0.859946737362
697,0.179859637177
698,0.605329414633
699,0.045431781980
700,0.546249252983
701,0.117775407574
702,0.232734269970
703,0.524931920422
704,0.198771332014
705,0.777187259953
706,0.577969397448
707,0.543287345003
708,0.105597611363
709,0.838302172161
710,0.810369827170
711,0.075878256591
712,0.486598351719
713,0.586377446163
714,0.214820734600
715,0.207961430125
716,0.915777028370
717,0.151601218798
718,0.650537069309
719,0.350931636728
720,0.627911352185
721,0.025624260827
722,0.115619618569
723,0.670945505044
724,0.277695487473
725,0.143415803414
726,0.382169000410
727,0.590595631704
728,0.508474600472
729,0.670363696022
730,0.453052147273
731,0.820346119400
732,0.207902295198
733,0.275546565938
734,0.534725440009
735,0.400852794905
736,0.365368774893
737,0.966376963132
738,0.756326906768
739,0.780011271123
740,0.527853561596
741,0.810613621608
742,0.665493362641
743,0.710509431314
744,0.883605067206
745,0.857572550267
746,0.156049154942
747,0.237027601027
748,0.312848649377
749,0.127997046511
750,0.406326058928
751,0.394554634712
752,0.410597924811
753,0.810107811857
754,0.738010077612
755,0.619130897841
756,0.320020910937
757,0.077213363836
758,0.092882022646
759,0.369931557561
760,0.639988887909
761,0.256440937356
762,0.544704155624
763,0.053834588900
764,0.810113174008
765,0.873091075616
766,0.132810189585
767,0.768558342769
768,0.708572685372
769,0.306530486189
770,0.511654923035
771,0.714971367219
772,0.892340235156
773,0.007773951688
774,0.982129829495
775,0.102645890501
776,0.767026071947
777,0.910864674048
778,0.088850294015
779,0.574695401519
780,0.986789283203
781,0.141937100078
782,0.574703882814
783,0.156738797079
784,0.796075927754
785,0.499057260982
786,0.260123137446
787,0.349217020279
788,0.655508738256
789,0.851221596734
790,0.327216507829
791,0.283109829002
792,0.172788300899
793,0.168105771904
794,0.207091777575
795,0.814027847658
796,0.846456364792
797,0.852791887250
798,0.100304732050
799,0.624427319079
800,0.524004615433
801,0.392964120621
802,0.455071315539
803,0.502766440731
804,0.023871714624
805,0.987566159310
806,0.284365169738
807,0.906863320230
808,0.324831574618
809,0.500517787842
810,0.470860297742
811,0.215459019782
812,0.493563443258
813,0.361505511713
814,0.611974707473
815,0.926705393837
816,0.216929079799
817,0.223289807005
818,0.464491237909
819,0.246717910425
820,0.928177538100
821,0.255059759159
822,0.900150689377
823,0.471823739498
824,0.087048363745
825,0.772007900467
826,0.251803415921
827,0.023275092760
828,0.001768957458
829,0.026548520258
830,0.673773918709
831,0.933249397982
832,0.499584267928
833,0.884818817341
834,0.420316400050
835,0.335296915945
836,0.869409145811
837,0.144878340848
838,0.036052196136
839,0.882937258702
840,0.307235043820
841,0.746969025122
842,0.653024345361
843,0.450620949590
844,0.179306465638
845,0.505782739339
846,0.767470771466
847,0.739812529929
848,0.303034578807
849,0.666614439880
850,0.072487611212
851,0.189779847203
852,0.721051337917
853,0.056972850021
854,0.797005081933
855,0.944507875821
856,0.656340993403
857,0.003601694082
858,0.571783905381
859,0.780230276213
860,0.883201648133
861,0.021414985553
862,0.783651734818
863,0.250904589429
864,0.844736555944
865,0.826433789990
866,0.568019949164
867,0.359881927932
868,0.145667075270
869,0.178383328066
870,0.675479798276
871,0.178608566070
872,0.074023230293
873,0.537962115068
874,0.940392903864
875,0.793849125692
876,0.188064164949
877,0.184421882080
878,0.921267807371
879,0.251231062075
880,0.416937410149
881,0.410392526430
882,0.535741306896
883,0.326779216239
884,0.993862155859
885,0.249299284809
886,0.256651694869
887,0.330697572937
888,0.147280841237
889,0.915343352947
890,0.165195255836
891,0.945813993917
892,0.534525867505
893,0.353635844574
894,0.310379430613
895,0.135705998612
896,0.149353224224
897,0.600668558226
898,0.523261056247
899,0.190646030534
900,0.106035988738
901,0.244533867017
902,0.947703478011
903,0.614131285813
904,0.668537532654
905,0.637021641467
906,0.432899408476
907,0.929439736829
908,0.189205617309
909,0.110638960792
910,0.329215933662
911,0.430292844068
912,0.221788976498
913,0.997524891848
914,0.265621398307
915,0.588454280123
916,0.159862774277
917,0.385880625971
918,0.902113161474
919,0.854944555170
920,0.811503920254
921,0.579715674345
922,0.283695189896
923,0.907492149869
924,0.354089028790
925,0.120054587186
926,0.459071637116
927,0.856935280554
928,0.049706676510
929,0.836105926084
930,0.087726410909
931,0.925908313694
932,0.587569491251
933,0.235611430855
934,0.770576570327
935,0.029517756776
936,0.325268029355
937,0.074322871274
938,0.897553069746
939,0.662814498782
940,0.466740562086
941,0.177928609190
942,0.779404265121
943,0.662441388609
944,0.346876302859
945,0.608115970404
946,0.161393118631
947,0.052797394089
948,0.964576229138
949,0.012341578650
950,0.168325216600
951,0.490966109253
952,0.259549812479
953,0.192687761654
954,0.298807824670
955,0.438006136749
956,0.840299952696
957,0.649969328262
958,0.995808363462
959,0.258073112900
960,0.636090588900
961,0.758617190893
962,0.206547455843
963,0.541094450992
964,0.607641696057
965,0.653544447997
966,0.209109367368
967,0.266442225554
968,0.360471840256
969,0.360061435823
970,0.056839487079
971,0.722902608168
972,0.486976181371
973,0.604115951555
974,0.455863596744
975,0.471995627884
976,0.057379786339
977,0.504718642630
978,0.274926636204
979,0.920252284864
980,0.280428191095
981,0.638666834756
982,0.213472602872
983,0.408984101523
984,0.958688428696
985,0.181577016709
986,0.460041649708
987,0.025827611548
988,0.060631671723
989,0.459267886197
990,0.039329854818
991,0.600972776810
992,0.582083220136
993,0.368112657550
994,0.943959380454
995,0.524394514547
996,0.893101645951
997,0.657658240072
998,0.902624233888
999,0.488292712722
1000,0.498285911467
1001,0.419873527454
1002,0.732496769366
1003,0.324410587189
1004,0.673993576154
1005,0.818399112508
1006,0.746945988679
1007,0.601970636035
1008,0.080442775527
1009,0.245952388055
1010,0.629321547316
1011,0.939106480537
1012,0.767926872856
1013,0.193221370547
1014,0.748270177935
1015,0.296129989775
1016,0.175390484115
1017,0.033809495094
1018,0.500005449810
1019,0.237436863668
1020,0.902131057964
1021,0.523348650862
1022,0.633935879552
1023,0.135945727702
1024,0.113701375687
1025,0.210975498892
1026,0.466904367714
1027,0.019701462666
1028,0.950680645101
1029,0.426570676988
1030,0.594003032186
1031,0.558012868375
1032,0.738554116494
1033,0.878758835066
1034,0.045076733848
1035,0.985968895529
1036,0.384332546864
1037,0.393648278947
1038,0.120661014773
1039,0.137826338837
1040,0.997752803794
1041,0.974102940573
1042,0.518476090799
1043,0.799983502608
1044,0.705997546988
1045,0.703344794929
1046,0.911096199024
1047,0.913229385762
1048,0.259855075800
1049,0.456219528045
1050,0.212876943120
1051,0.332442258221
1052,0.229010094456
1053,0.376007229152
1054,0.286130543013
1055,0.888711025402
1056,0.424137855093
1057,0.352002851699
1058,0.626758976740
1059,0.707594722472
1060,0.719299076733
1061,0.960772077644
1062,0.504864369135
1063,0.986043135169
1064,0.460677100153
1065,0.854181177088
1066,0.652026540789
1067,0.148253745305
1068,0.971715993776
1069,0.647600200440
1070,0.188958435276
1071,0.901252847181
1072,0.129189868987
1073,0.260839633489
1074,0.917333706740
1075,0.363249121311
1076,0.237409943903
1077,0.386662670326
1078,0.746366104988
1079,0.725735250740
1080,0.826039052105
1081,0.158093771853
1082,0.445416856481
1083,0.259028004435
1084,0.031819401947
1085,0.595020019467
1086,0.666303790231
1087,0.731831181902
1088,0.247086014717
1089,0.801983436376
1090,0.858260014674
1091,0.803681317572
1092,0.803158180827
1093,0.118855948924
1094,0.169281509822
1095,0.765460097463
1096,0.923801289128
1097,0.251332444322
1098,0.067524661466
1099,0.978107940934
1100,0.887894895951
1101,0.747203788037
1102,0.394823309111
1103,0.790179071943
1104,0.513778988952
1105,0.927351931675
1106,0.790260297992
1107,0.609428477903
1108,0.454303589342
1109,0.386043661334
1110,0.204904326100
1111,0.072881851523
1112,0.064567796711
1113,0.019838131700
1114,0.833634561601
1115,0.413200600418
1116,0.481808032833
1117,0.143222129622
1118,0.362256868703
1119,0.314761304583
1120,0.054471886453
1121,0.444832629653
1122,0.306445541600
1123,0.090534349962
1124,0.976720882341
1125,0.578851608803
1126,0.305853426819
1127,0.469876946206
1128,0.423845622344
1129,0.221484997045
1130,0.905727028785
1131,0.054273369148
1132,0.659949423087
1133,0.800082188285
1134,0.339370885272
1135,0.584355661594
1136,0.773507145447
1137,0.103340185713
1138,0.812843391313
1139,0.962065210669
1140,0.635889729904
1141,0.277310539716
1142,0.643060089824
1143,0.484618157359
1144,0.225931417652
1145,0.082959127752
1146,0.216124505449
1147,0.896084943658
1148,0.016786073030
1149,0.846077705132
1150,0.626023999616
1151,0.899587400440
1152,0.966679791382
1153,0.678696344875
1154,0.390923703407
1155,0.700404765312
1156,0.126630872177
1157,0.182559695656
1158,0.891398335905
1159,0.124357864148
1160,0.833059840827
1161,0.723373780532
1162,0.123993690310
1163,0.336008303191
1164,0.395837522596
1165,0.820721758428
1166,0.780564843126
1167,0.232200767001
1168,0.063834576001
1169,0.135349374646
1170,0.085273795044
1171,0.363841070533
1172,0.678939781456
1173,0.803553888479
1174,0.599509153876
1175,0.838198631676
1176,0.012376056667
1177,0.694590382815
1178,0.104656470883
1179,0.627050481115
1180,0.077235086507
1181,0.154273831610
1182,0.568471359243
1183,0.185619374822
1184,0.960018744022
1185,0.291627091956
1186,0.533488139223
1187,0.132308412605
1188,0.646113832333
1189,0.409989123099
1190,0.455164510053
1191,0.756732017787
1192,0.747916095856
1193,0.632447406987
1194,0.921287152171
1195,0.472581736340
1196,0.253802993907
1197,0.647072014581
1198,0.001846568728
1199,0.630246004683
1200,0.715783931501
1201,0.710163186679
1202,0.754415605571
1203,0.115311844525
1204,0.267016109472
1205,0.734210899659
1206,0.008093985090
1207,0.947015295859
1208,0.534892538738
1209,0.090548444554
1210,0.106706278757
1211,0.950865601307
1212,0.023756910363
1213,0.311643563465
1214,0.553753217739
1215,0.736272656497
1216,0.199610734933
1217,0.728460463387
1218,0.910084662046
1219,0.985284064952
1220,0.151800593592
1221,0.367577332388
1222,0.973058840818
1223,0.006317607838
1224,0.779317226498
1225,0.387806986491
1226,0.793389543978
1227,0.876782087279
1228,0.069246834396
1229,0.696463755047
1230,0.795560774366
1231,0.999134234542
1232,0.508762303489
1233,0.466640412406
1234,0.228878179601
1235,0.278927345109
1236,0.351355062683
1237,0.597953491616
1238,0.734741911058
1239,0.420562024427
1240,0.298303845124
1241,0.052613886677
1242,0.748114288009
1243,0.927651611524
1244,0.244249547792
1245,0.836072573046
1246,0.057125973219
1247,0.727619920723
1248,0.032461879314
1249,0.855995809203
1250,0.223766645320
1251,0.801865307368
1252,0.641724662195
1253,0.795329960226
1254,0.489012616195
1255,0.850823216626
1256,0.923457176645
1257,0.389319388695
1258,0.101804065678
1259,0.366233261701
1260,0.965209549464
1261,0.474325779406
1262,0.828676943847
1263,0.170808958084
1264,0.609700003771
1265,0.574474504112
1266,0.212150573084
1267,0.427057237376
1268,0.285006266601
1269,0.266130919538
1270,0.235065192649
1271,0.197501814307
1272,0.343446806832
1273,0.170072717380
1274,0.941410929833
1275,0.630593188897
1276,0.959743183948
1277,0.312332114300
1278,0.662738537738
1279,0.772188553811
1280,0.808874598879
1281,0.121234831791
1282,0.808996143357
1283,0.677801834208
1284,0.472272544092
1285,0.995255524898
1286,0.846893269600
1287,0.857411067369
1288,0.530939051364
1289,0.201605035309
1290,0.654587857083
1291,0.952652401679
1292,0.145479307158
1293,0.179481666289
1294,0.234233082862
1295,0.320262028032
1296,0.345238200040
1297,0.812630987731
1298,0.734671265815
1299,0.520150621390
1300,0.502682213476
1301,0.568354127198
1302,0.297163356810
1303,0.902210038097
1304,0.788993611045
1305,0.169616387033
1306,0.736285916185
1307,0.082761818415
1308,0.165024225915
1309,0.616419511570
1310,0.466487293547
1311,0.701571425385
1312,0.376239856068
1313,0.422093529669
1314,0.482419617890
1315,0.593938770374
1316,0.258023644880
1317,0.795216668371
1318,0.998706115109
1319,0.167315269138
1320,0.066984162013
1321,0.040977313383
1322,0.457981521958
1323,0.581677687274
1324,0.355559675249
1325,0.067280699115
1326,0.625311151507
1327,0.175350216899
1328,0.934320435564
1329,0.086861042432
1330,0.472778227865
1331,0.807873072134
1332,0.296412914418
1333,0.968199097759
1334,0.046421283846
1335,0.976747636167
1336,0.865894973098
1337,0.094642973101
1338,0.147347533760
1339,0.486068787310
1340,0.425606800018
1341,0.660379610603
1342,0.787212839117
1343,0.064249317451
1344,0.686303182427
1345,0.322990794378
1346,0.965836497375
1347,0.592325565899
1348,0.536272009485
1349,0.855078484746
1350,0.424192289202
1351,0.449539701345
1352,0.905055685031
1353,0.388236784563
1354,0.621165604366
1355,0.813533905503
1356,0.997990753890
1357,0.048563026113
1358,0.258996724983
1359,0.490148797645
1360,0.190864688336
1361,0.150134032556
1362,0.872648821769
1363,0.557026604666
1364,0.888678642085
1365,0.664328646972
1366,0.100737064630
1367,0.084887399935
1368,0.108080951777
1369,0.622878485161
1370,0.322365825480
1371,0.415981330619
1372,0.376118233152
1373,0.367123864992
1374,0.650294447300
1375,0.842221143895
1376,0.614522102310
1377,0.237360885870
1378,0.632348924966
1379,0.842592679647
1380,0.715062223687
1381,0.095722695433
1382,0.099883466786
1383,0.969392527472
1384,0.651433603165
1385,0.879246933265
1386,0.882828165143
1387,0.356420533797
1388,0.296407091334
1389,0.461890011303
1390,0.122916382097
1391,0.366096808555
1392,0.113804010831
1393,0.292030892770
1394,0.882292228315
1395,0.608827126998
1396,0.054108989401
1397,0.001643344731
1398,0.744866531617
1399,0.717622455057
1400,0.360947256599
1401,0.566082057160
1402,0.938819478619
1403,0.797949572812
1404,0.651451935638
1405,0.435782782272
1406,0.773761361203
1407,0.736223261927
1408,0.298808424557
1409,0.016351909266
1410,0.605044156708
1411,0.270308408802
1412,0.991716084066
1413,0.798305388041
1414,0.369789326049
1415,0.393439437968
1416,0.411699665996
1417,0.826948786418
1418,0.576975640557
1419,0.419254423462
1420,0.905422205570
1421,0.197341716076
1422,0.384462054383
1423,0.807190749741
1424,0.100692208584
1425,0.188055274229
1426,0.154231529345
1427,0.267925025496
1428,0.715229528437
1429,0.321515318700
1430,0.254540636315
1431,0.909802360584
1432,0.144705178757
1433,0.267192339318
1434,0.668149502071
1435,0.018173370987
1436,0.434879973576
1437,0.369026268981
1438,0.008756816058
1439,0.074845943277
1440,0.881055237968
1441,0.989244785559
1442,0.734511003086
1443,0.727390765501
1444,0.369936075551
1445,0.833901631880
1446,0.076991135888
1447,0.696707870001
1448,0.641603645658
1449,0.470079208644
1450,0.997271412471
1451,0.346074282192
1452,0.337013061637
1453,0.715783630754
1454,0.175178195250
1455,0.045894792472
1456,0.072236247188
1457,0.334207321008
1458,0.462728996384
1459,0.004743648979
1460,0.929125729761
1461,0.772056959631
1462,0.883242086911
1463,0.632548770415
1464,0.144814147616
1465,0.401670352636
1466,0.917257513526
1467,0.369150203909
1468,0.591801791917
1469,0.159189634754
1470,0.577069007593
1471,0.406910802007
1472,0.620750457942
1473,0.763387531817
1474,0.316447546408
1475,0.750179237551
1476,0.370254735217
1477,0.585740350221
1478,0.755109215450
1479,0.423905900306
1480,0.281636381119
1481,0.762163152660
1482,0.995729165640
1483,0.402484858300
1484,0.001207956987
1485,0.602279193279
1486,0.542546718804
1487,0.248113857593
1488,0.172900581350
1489,0.116205455538
1490,0.522607413572
1491,0.312860729971
1492,0.829161279767
1493,0.820298889199
1494,0.620710755968
1495,0.616615498284
1496,0.800769139969
1497,0.930995728204
1498,0.771086764876
1499,0.855636491508
1500,0.650574879636
1501,0.692243341713
1502,0.336110990772
1503,0.383305329866
1504,0.084406875071
1505,0.786681322579
1506,0.428130825153
1507,0.083399626144
1508,0.688505092194
1509,0.294366207613
1510,0.500431230100
1511,0.297688419744
1512,0.601561867983
1513,0.196407816018
1514,0.718940582303
1515,0.072345908428
1516,0.768317801687
1517,0.315822376102
1518,0.975169102689
1519,0.224387358168
1520,0.538027581933
1521,0.283102316585
1522,0.472071218587
1523,0.022446961426
1524,0.031064943906
1525,0.784898358947
1526,0.042943759477
1527,0.815678738821
1528,0.521561803358
1529,0.489432451823
1530,0.289347118108
1531,0.609005820520
1532,0.642413733694
1533,0.030801456677
1534,0.006257984567
1535,0.732939008873
1536,0.923218390630
1537,0.221596408006
1538,0.112010797449
1539,0.221045039892
1540,0.531591937453
1541,0.983556439849
1542,0.762159570898
1543,0.525064430834
1544,0.362132973282
1545,0.947734088299
1546,0.764417332881
1547,0.941609136560
1548,0.080128522249
1549,0.405771589539
1550,0.599449848240
1551,0.092572719708
1552,0.867334811008
1553,0.878176478355
1554,0.770068490235
1555,0.540564192764
1556,0.005891134852
1557,0.389428758058
1558,0.481303589515
1559,0.551924192439
1560,0.883705993262
1561,0.261873182959
1562,0.018722674088
1563,0.639217546163
1564,0.191862943062
1565,0.630748535845
1566,0.944005686117
1567,0.768788475525
1568,0.891108631537
1569,0.524433260981
1570,0.475135492432
1571,0.317744001838
1572,0.994603635860
1573,0.391112345493
1574,0.974176310938
1575,0.894298162462
1576,0.036895655470
1577,0.352297818229
1578,0.159454631806
1579,0.606088521856
1580,0.400752446983
1581,0.895693608152
1582,0.706562899747
1583,0.983962554091
1584,0.475648028216
1585,0.552867244096
1586,0.639744285434
1587,0.968635157444
1588,0.186204131814
1589,0.225453484498
1590,0.567606612237
1591,0.880971396024
1592,0.650041498006
1593,0.466613543641
1594,0.698312003861
1595,0.913353914722
1596,0.030872408989
1597,0.824575677305
1598,0.718517755684
1599,0.485691640892
1600,0.098393879958
1601,0.805268470622
1602,0.538946846622
1603,0.411937279347
1604,0.551059013754
1605,0.864865408548
1606,0.157491390111
1607,0.039762008186
1608,0.350981640015
1609,0.461821386905
1610,0.413257806370
1611,0.061029427592
1612,0.346471021298
1613,0.440087213933
1614,0.649526343109
1615,0.508212460063
1616,0.656843257965
1617,0.821122663076
1618,0.554164889534
1619,0.305645386032
1620,0.554998474599
1621,0.267316198587
1622,0.497654062512
1623,0.958332703468
1624,0.625315783464
1625,0.171650467623
1626,0.016407122930
1627,0.247443074923
1628,0.216046687590
1629,0.082069171428
1630,0.228690750672
1631,0.323278340168
1632,0.837943457249
1633,0.084099377259
1634,0.571155282230
1635,0.500502783690
1636,0.516989713267
1637,0.967973245022
1638,0.085238971272
1639,0.108306569616
1640,0.359206496965
1641,0.171035933365
1642,0.314168482979
1643,0.207033859347
1644,0.800848833863
1645,0.250034004241
1646,0.253888187277
1647,0.936830282297
1648,0.772233115602
1649,0.904772268673
1650,0.013987976490
1651,0.127167375917
1652,0.160687234592
1653,0.008133903053
1654,0.332360446437
1655,0.491634834112
1656,0.760558666427
1657,0.007005587592
1658,0.109338812541
1659,0.466222744409
1660,0.562837099678
1661,0.992682005427
1662,0.278234702816
1663,0.454451814098
1664,0.796390697321
1665,0.979113367390
1666,0.864106184020
1667,0.881776539497
1668,0.383172843595
1669,0.197012846199
1670,0.684189080774
1671,0.808932179904
1672,0.782606165341
1673,0.343321999105
1674,0.024878953694
1675,0.933729725251
1676,0.500804732852
1677,0.137167456860
1678,0.977188363233
1679,0.069624753781
1680,0.099660162431
1681,0.991326942912
1682,0.838623378704
1683,0.830132433458
1684,0.184793322151
1685,0.659347388977
1686,0.056434256268
1687,0.890472795175
1688,0.743563262012
1689,0.207044231489
1690,0.528145014141
1691,0.593416780269
1692,0.010475581211
1693,0.650834791730
1694,0.248935912364
1695,0.452907643729
1696,0.271762595194
1697,0.361776405577
1698,0.337741047643
1699,0.309368311216
1700,0.886223354816
1701,0.124516289539
1702,0.911239812944
1703,0.188402062799
1704,0.568954196320
1705,0.824614825112
1706,0.770927872552
1707,0.259843618026
1708,0.876343133735
1709,0.839086678310
1710,0.301833710416
1711,0.789169335098
1712,0.296587447466
1713,0.935191809996
1714,0.145010277822
1715,0.087723964458
1716,0.821289287916
1717,0.820714622457
1718,0.388640143871
1719,0.964129903174
1720,0.901227779082
1721,0.817759087394
1722,0.865429063798
1723,0.566390042923
1724,0.567631157907
1725,0.157448799682
1726,0.505740057981
1727,0.810379177287
1728,0.977531192309
1729,0.651872967589
1730,0.207678427706
1731,0.891835977644
1732,0.566585982657
1733,0.167481359966
1734,0.871254565744
1735,0.303056408208
1736,0.291292126782
1737,0.598664575214
1738,0.866433833872
1739,0.999520269704
1740,0.447064220806
1741,0.270853601279
1742,0.917879177147
1743,0.209380308908
1744,0.041794019044
1745,0.827602046839
1746,0.983375794464
1747,0.691383114506
1748,0.341800763331
1749,0.316587948552
1750,0.962936633858
1751,0.772594194581
1752,0.179190561917
1753,0.845394740141
1754,0.691229952371
1755,0.671544720654
1756,0.347696555223
1757,0.695431123988
1758,0.907750489390
1759,0.236948747231
1760,0.104929359386
1761,0.465613274479
1762,0.227969342890
1763,0.807719201086
1764,0.446310673919
1765,0.402947700554
1766,0.876929584278
1767,0.964623015224
1768,0.714789791300
1769,0.942562898197
1770,0.749716455384
1771,0.351034296969
1772,0.991879027406
1773,0.249300993102
1774,0.152208975376
1775,0.773878140232
1776,0.734090363605
1777,0.672434443687
1778,0.829148983541
1779,0.256548734258
1780,0.816493378599
1781,0.000880031003
1782,0.658852954218
1783,0.265668147415
1784,0.321778454345
1785,0.356315595798
1786,0.196241953747
1787,0.214509326983
1788,0.537102534513
1789,0.373402001830
1790,0.729114369873
1791,0.751718083549
1792,0.820951792274
1793,0.867060151964
1794,0.338411155495
1795,0.257850082171
1796,0.962568539249
1797,0.148745085246
1798,0.734067307146
1799,0.311785907196
1800,0.429981897106
1801,0.495724969561
1802,0.908667669301
1803,0.541402970929
1804,0.705956702164
1805,0.419408791112
1806,0.820830101410
1807,0.246373893321
1808,0.350343127481
1809,0.784548476820
1810,0.204120109071
1811,0.800637924572
1812,0.657691652169
1813,0.628870505704
1814,0.527285770739
1815,0.069482480843
1816,0.631662401709
1817,0.492848804390
1818,0.975639835923
1819,0.939996317028
1820,0.486232778194
1821,0.226454896129
1822,0.691764228802
1823,0.030054305464
1824,0.530428469527
1825,0.607045763637
1826,0.276592328954
1827,0.494014766195
1828,0.625000013845
1829,0.457031583677
1830,0.243836092390
1831,0.480826197552
1832,0.907780570656
1833,0.075307627421
1834,0.267757268918
1835,0.877665411227
1836,0.892501456649
1837,0.100245507957
1838,0.580538855659
1839,0.684799427282
1840,0.806827439632
1841,0.167697728844
1842,0.476050343423
1843,0.678107234406
1844,0.068641888992
1845,0.055871995806
1846,0.753990136253
1847,0.475068204963
1848,0.745619609561
1849,0.309783769573
1850,0.799704945293
1851,0.111553248692
1852,0.561603033546
1853,0.341178233271
1854,0.575578164532
1855,0.967421916781
1856,0.510035588737
1857,0.322846170465
1858,0.973492603623
1859,0.489545323234
1860,0.115631431993
1861,0.426048325396
1862,0.685254582079
1863,0.847786584921
1864,0.528865893029
1865,0.362166328785
1866,0.269924735932
1867,0.282297312169
1868,0.572148761078
1869,0.517120646169
1870,0.823227436784
1871,0.480535155510
1872,0.851348680378
1873,0.364016286066
1874,0.542940085581
1875,0.621854673748
1876,0.073564734580
1877,0.990095999377
1878,0.051683544007
1879,0.422735908663
1880,0.926581902036
1881,0.348315251768
1882,0.563147638456
1883,0.727874780557
1884,0.325497570258
1885,0.003947702031
1886,0.420277322907
1887,0.533310429614
1888,0.588352577034
1889,0.484663280699
1890,0.524637585182
1891,0.877354244289
1892,0.279709735335
1893,0.369300658406
1894,0.029494523522
1895,0.865946477050
1896,0.387662302357
1897,0.391258000685
1898,0.118674030293
1899,0.185061972623
1900,0.649012444143
1901,0.977399381259
1902,0.520412060100
1903,0.207931785510
1904,0.810296295596
1905,0.469473409795
1906,0.399061288721
1907,0.317106388058
1908,0.291399295375
1909,0.402192493374
1910,0.163920186747
1911,0.666135046782
1912,0.804943073109
1913,0.191743886734
1914,0.895707925418
1915,0.635649382895
1916,0.575101710708
1917,0.498963568311
1918,0.905930080021
1919,0.671150605145
1920,0.003800295741
1921,0.304734612169
1922,0.886063650590
1923,0.874148557605
1924,0.995066720658
1925,0.627403033832
1926,0.888590223625
1927,0.060712962397
1928,0.799183324515
1929,0.478960894149
1930,0.400190624801
1931,0.393368145181
1932,0.154552250943
1933,0.111164279604
1934,0.130849802916
1935,0.725433866355
1936,0.240426243596
1937,0.752192546043
1938,0.863019627011
1939,0.135251010618
1940,0.256166329651
1941,0.053045483757
1942,0.705116241181
1943,0.124477701359
1944,0.635137174741
1945,0.358686696931
1946,0.066371784251
1947,0.264478434887
1948,0.624056882965
1949,0.076732347085
1950,0.475554767788
1951,0.128621561104
1952,0.903167876784
1953,0.417433724314
1954,0.602370402333
1955,0.138285300526
1956,0.886613237099
1957,0.107889878211
1958,0.574653932041
1959,0.705654393707
1960,0.097888324156
1961,0.791273465290
1962,0.606612333713
1963,0.353700859010
1964,0.912025378644
1965,0.802378560664
1966,0.697191445022
1967,0.805157546558
1968,0.844954106099
1969,0.132680164144
1970,0.688810947461
1971,0.579703015744
1972,0.938375844292
1973,0.937091023198
1974,0.937388645638
1975,0.972699258901
1976,0.086806761202
1977,0.768309661674
1978,0.672746621258
1979,0.246276776611
1980,0.408261875312
1981,0.036720074479
1982,0.556130199511
1983,0.147668128102
1984,0.501370283199
1985,0.633593193572
1986,0.537269826393
1987,0.471751762084
1988,0.597912758845
1989,0.494595959461
1990,0.425912218256
1991,0.405963211238
1992,0.665024488164
1993,0.032717665930
1994,0.447784894978
1995,0.439203247270
1996,0.386330368928
1997,0.828713821995
1998,0.211456727064
1999,0.631162233622
2000,0.124155008485
2001,0.440994657595
2002,0.327530669685
2003,0.603978583890
2004,0.243332332272
2005,0.955569712606
2006,0.601213413608
2007,0.972358377505
2008,0.510285316526
2009,0.939954235789
2010,0.469579320146
2011,0.047657732335
2012,0.845886415236
2013,0.930825770869
2014,0.638707430332
2015,0.501519421139
2016,0.655900142707
2017,0.009439958637
2018,0.460912798517
2019,0.980387315512
2020,0.926580384145
2021,0.447181035554
2022,0.212782434445
2023,0.388398296966
2024,0.136044065819
2025,0.742078597133
2026,0.628648732577
2027,0.040582768574
2028,0.940012917253
2029,0.196941815125
2030,0.825152396460
2031,0.384668306335
2032,0.781544819379
2033,0.070439110932
2034,0.773046394726
2035,0.655553981548
2036,0.422176076481
2037,0.937338165038
2038,0.031322374339
2039,0.267032831201
2040,0.480662053821
2041,0.145980571250
2042,0.216271482520
2043,0.669896469824
2044,0.321405456005
2045,0.838555196091
2046,0.428535297848
2047,0.855271162098
2048,0.962693464000
2049,0.990482734034
2050,0.371613117223
2051,0.540197818190
2052,0.220738812286
2053,0.213901398202
2054,0.352556232649
2055,0.275794338710
2056,0.570046413259
2057,0.393130850355
2058,0.468382602603
2059,0.046282762378
2060,0.591035600427
2061,0.785616514152
2062,0.746515761887
2063,0.137735700932
2064,0.255565332151
2065,0.258967811346
2066,0.823472810579
2067,0.388604691597
2068,0.427861973254
2069,0.871073807425
2070,0.865920147718
2071,0.323419350942
2072,0.646721140402
2073,0.590117725286
2074,0.959596866904
2075,0.461246923839
2076,0.121075244603
2077,0.304222744049
2078,0.774376623097
2079,0.400281827514
2080,0.657888700090
2081,0.226382921368
2082,0.941006911653
2083,0.781005654511
2084,0.664056150134
2085,0.981076247324
2086,0.212172802468
2087,0.338759871484
2088,0.390582116600
2089,0.284597506418
2090,0.117307166818
2091,0.569909058873
2092,0.052780607690
2093,0.752300582801
2094,0.214411339613
2095,0.287671180725
2096,0.952641733082
2097,0.376779162425
2098,0.331825052961
2099,0.783492168226
2100,0.800621941699
2101,0.844127571201
2102,0.912258169233
2103,0.115805089012
2104,0.522006033924
2105,0.636165809397
2106,0.012500136762
2107,0.126504582913
2108,0.616355606691
2109,0.712970525627
2110,0.751827643444
2111,0.483207997105
2112,0.059567118400
2113,0.258055573240
2114,0.067288721838
2115,0.911689518754
2116,0.791276588729
2117,0.180461101838
2118,0.087304333053
2119,0.951135723327
2120,0.849597065936
2121,0.415508296384
2122,0.158243829290
2123,0.675566130863
2124,0.609027566395
2125,0.103076644752
2126,0.519146980162
2127,0.828690045186
2128,0.439156764892
2129,0.278465185117
2130,0.635094321714
2131,0.798631668826
2132,0.535781289948
2133,0.588505780858
2134,0.024039550081
2135,0.085966106678
2136,0.625137485498
2137,0.284198203436
2138,0.355605866924
2139,0.620860010428
2140,0.183331944525
2141,0.550791672722
2142,0.462064287347
2143,0.335756484533
2144,0.189137659920
2145,0.353570080901
2146,0.933994637044
2147,0.649883956832
2148,0.816789669997
2149,0.000780714711
2150,0.920076968945
2151,0.043827158288
2152,0.357795754661
2153,0.640957701264
2154,0.535802846677
2155,0.363306736984
2156,0.345620132457
2157,0.467169378142
2158,0.361750987542
2159,0.111139993315
2160,0.224356691732
2161,0.475287044874
2162,0.876232403216
2163,0.414203829168
2164,0.633291752715
2165,0.939390707284
2166,0.700592311706
2167,0.794961626367
2168,0.735358854692
2169,0.237185631294
2170,0.748728353510
2171,0.870816198317
2172,0.681323427403
2173,0.944632829690
2174,0.331496342741
2175,0.171595533318
2176,0.181213372578
2177,0.327318714281
2178,0.389188193599
2179,0.123655404252
2180,0.636229043745
2181,0.981128880487
2182,0.362240170421
2183,0.374950428246
2184,0.316431916308
2185,0.145884025539
2186,0.404210815163
2187,0.515276589314
2188,0.593919115717
2189,0.362172400521
2190,0.346881173101
2191,0.311125730203
2192,0.224823978065
2193,0.706678572956
2194,0.883467159204
2195,0.538017152578
2196,0.142253728076
2197,0.301745131395
2198,0.890412308457
2199,0.283416152872
2200,0.855983152920
2201,0.428791319851
2202,0.779589659161
2203,0.710059452332
2204,0.582902996194
2205,0.072103950449
2206,0.483376174408
2207,0.047250151910
2208,0.062217859560
2209,0.697715917568
2210,0.421483380825
2211,0.668788918913
2212,0.886264254106
2213,0.241432988426
2214,0.984204550458
2215,0.781278081895
2216,0.379320665352
2217,0.944398744482
2218,0.667200580711
2219,0.128062631126
2220,0.427374634797
2221,0.429892302870
2222,0.781774879663
2223,0.201180345074
2224,0.458692777517
2225,0.570831083709
2226,0.963392972644
2227,0.335247496784
2228,0.034430938589
2229,0.012433311427
2230,0.779401926941
2231,0.810285482320
2232,0.911321181297
2233,0.834149259811
2234,0.864815998395
2235,0.538483796890
2236,0.909671167448
2237,0.114332036008
2238,0.616115314514
2239,0.951238690322
2240,0.045934962001
2241,0.502463395996
2242,0.308044616423
2243,0.953647757389
2244,0.471077513133
2245,0.971580512802
2246,0.069779825276
2247,0.415200864412
2248,0.633846798411
2249,0.350797786863
2250,0.640574964013
2251,0.467840844481
2252,0.837014029539
2253,0.588204848309
2254,0.530556811709
2255,0.910146943216
2256,0.947289378101
2257,0.607935809424
2258,0.735920995896
2259,0.075255426929
2260,0.044647342376
2261,0.866176682587
2262,0.475290692512
2263,0.940035145760
2264,0.096360690098
2265,0.295066076545
2266,0.996866807261
2267,0.022733691777
2268,0.937912367312
2269,0.380350890467
2270,0.326530089091
2271,0.239703361926
2272,0.360591137652
2273,0.089024818263
2274,0.818290824169
2275,0.913432629765
2276,0.675176147308
2277,0.022924671547
2278,0.467966975461
2279,0.214609520042
2280,0.685903440507
2281,0.429356326350
2282,0.687692292223
2283,0.831743106878
2284,0.595216533644
2285,0.227839376493
2286,0.219940281106
2287,0.238264985723
2288,0.694152760153
2289,0.750979643460
2290,0.974622422829
2291,0.251283005191
2292,0.498756088750
2293,0.975776976097
2294,0.824598888427
2295,0.336241819838
2296,0.455706898876
2297,0.820704863102
2298,0.069736069905
2299,0.226342224019
2300,0.671760076625
2301,0.137193262053
2302,0.851638933553
2303,0.285069022553
2304,0.668941538710
2305,0.120325545359
2306,0.929264525469
2307,0.424270619275
2308,0.987837419559
2309,0.654904015975
2310,0.092072625973
2311,0.231195816227
2312,0.432870427418
2313,0.666125566889
2314,0.316287731430
2315,0.769812905284
2316,0.908859958669
2317,0.239160124999
2318,0.645362414278
2319,0.277284611248
2320,0.400190734817
2321,0.635003267526
2322,0.859439892761
2323,0.497250957950
2324,0.434216108712
2325,0.075769432993
2326,0.259572413442
2327,0.740570019920
2328,0.135787038211
2329,0.238324540096
2330,0.364806532403
2331,0.447030934993
2332,0.158870388526
2333,0.923933793456
2334,0.757436862888
2335,0.527281976266
2336,0.523377488024
2337,0.533512177409
2338,0.796873320969
2339,0.654444557017
2340,0.985704135491
2341,0.365611502744
2342,0.688581685696
2343,0.737941602052
2344,0.324398349899
2345,0.167723617310
2346,0.513431894280
2347,0.018288253996
2348,0.942760597062
2349,0.847759387262
2350,0.179524175573
2351,0.554626141994
2352,0.205755578687
2353,0.368677730335
2354,0.278571596246
2355,0.418218761313
2356,0.456408055979
2357,0.138642416761
2358,0.164330343008
2359,0.838763069391
2360,0.834694798829
2361,0.434528851999
2362,0.452536058795
2363,0.866838831436
2364,0.384224953355
2365,0.385310115754
2366,0.408873989958
2367,0.099697914677
2368,0.602593156215
2369,0.763612314993
2370,0.879891832448
2371,0.025415283265
2372,0.125971155306
2373,0.133611796996
2374,0.950038693699
2375,0.775007742860
2376,0.560099436005
2377,0.359726591767
2378,0.889907119207
2379,0.242018484650
2380,0.818994999797
2381,0.248811227748
2382,0.615016745236
2383,0.443007894360
2384,0.544201254530
2385,0.986458804783
2386,0.491113265123
2387,0.674126296245
2388,0.122327574621
2389,0.719067370977
2390,0.585977551171
2391,0.352333951822
2392,0.354311666679
2393,0.665315582486
2394,0.759592025683
2395,0.423103102347
2396,0.027113233954
2397,0.886424683761
2398,0.297986838675
2399,0.776588217398
2400,0.400889013486
2401,0.005625623723
2402,0.946175366875
2403,0.174832557377
2404,0.123966495773
2405,0.802956747911
2406,0.923013777001
2407,0.391537999584
2408,0.732510610500
2409,0.452533009474
2410,0.775854173653
2411,0.738727466220
2412,0.614349799154
2413,0.227021751775
2414,0.891202591308
2415,0.783438991374
2416,0.728760167062
2417,0.414587769119
2418,0.396299892626
2419,0.856255106057
2420,0.149251231264
2421,0.455528031644
2422,0.857329796106
2423,0.184654122482
2424,0.182359267547
2425,0.922169693287
2426,0.722351243088
2427,0.374934669076
2428,0.656715353651
2429,0.547525082059
2430,0.498075247692
2431,0.691168950947
2432,0.456873728589
2433,0.853693763784
2434,0.290414931657
2435,0.763304021031
2436,0.431915393845
2437,0.237305034693
2438,0.921874439827
2439,0.493827781242
2440,0.423630176283
2441,0.281369198103
2442,0.248417682267
2443,0.583507161327
2444,0.971361333517
2445,0.848001587603
2446,0.529906269073
2447,0.596272118640
2448,0.584832603619
2449,0.636646694662
2450,0.819233880976
2451,0.095892448719
2452,0.759227129968
2453,0.643320368492
2454,0.926570237519
2455,0.838833104896
2456,0.347107107184
2457,0.393645631100
2458,0.210953191211
2459,0.219208268065
2460,0.516322680171
2461,0.345420663478
2462,0.917974206562
2463,0.426330801451
2464,0.077812836356
2465,0.587664747055
2466,0.888541630308
2467,0.556773310278
2468,0.932889541584
2469,0.691649930530
2470,0.871094037823
2471,0.947236607793
2472,0.746542601511
2473,0.538135270543
2474,0.046057132977
2475,0.814072360780
2476,0.287650160464
2477,0.819811831649
2478,0.578014124522
2479,0.178013580852
2480,0.261646144192
2481,0.049607925600
2482,0.728707006000
2483,0.318965108253
2484,0.811901472028
2485,0.922362222681
2486,0.973940204075
2487,0.870705998522
2488,0.307515129127
2489,0.091106897438
2490,0.424280288465
2491,0.433736507823
2492,0.892999437747
2493,0.222989070961
2494,0.303088561415
2495,0.374688238782
2496,0.024279978657
2497,0.212886106252
2498,0.795236981321
2499,0.748661064208
2500,0.095942315550
2501,0.029292310709
2502,0.885172970278
2503,0.906376072870
2504,0.946183404141
2505,0.186961505603
2506,0.728989959066
2507,0.612300806769
2508,0.785389792447
2509,0.748712289943
2510,0.513883202333
2511,0.215712446504
2512,0.203443322749
2513,0.023809515123
2514,0.319133667825
2515,0.013440029729
2516,0.838042193600
2517,0.613390239309
2518,0.677251660728
2519,0.401544095699
2520,0.589993044305
2521,0.864966520055
2522,0.648002724092
2523,0.801363213655
2524,0.483261044692
2525,0.706317657420
2526,0.846412546013
2527,0.851861475029
2528,0.930521036210
2529,0.119103888848
2530,0.176215140692
2531,0.078647001725
2532,0.622456569037
2533,0.178543557653
2534,0.906348051782
2535,0.485377376968
2536,0.373682695852
2537,0.889215731565
2538,0.935900569944
2539,0.827827873546
2540,0.276074388130
2541,0.751141655493
2542,0.492526900260
2543,0.163276167584
2544,0.533151646249
2545,0.772013153629
2546,0.242836908142
2547,0.158546457803
2548,0.365732430959
2549,0.717466715748
2550,0.017848015472
2551,0.960399405014
2552,0.968640628766
2553,0.958145492140
2554,0.408850298972
2555,0.458313516289
2556,0.560268263363
2557,0.562398292454
2558,0.487770194246
2559,0.655912875224
2560,0.562970333198
2561,0.594514473544
2562,0.685364231121
2563,0.391958519506
2564,0.664829665217
2565,0.800407112617
2566,0.471065492791
2567,0.782392454162
2568,0.053146796548
2569,0.367147552573
2570,0.896481481716
2571,0.643298946453
2572,0.702005738145
2573,0.940996960370
2574,0.951453548253
2575,0.520685154233
2576,0.851461819346
2577,0.040328546204
2578,0.820175417152
2579,0.110891886947
2580,0.304757971779
2581,0.827502678863
2582,0.538168799065
2583,0.682656458683
2584,0.221724358427
2585,0.133311635080
2586,0.506216967128
2587,0.038279600054
2588,0.316599054633
2589,0.406660087118
2590,0.107429503032
2591,0.689278737686
2592,0.199508361775
2593,0.753127622865
2594,0.341104171440
2595,0.502523097077
2596,0.692467058466
2597,0.419938588765
2598,0.193820014743
2599,0.827928855123
2600,0.965688987757
2601,0.504568237925
2602,0.827984165849
2603,0.912027222238
2604,0.998397757373
2605,0.720307981260
2606,0.410363974389
2607,0.092994397298
2608,0.375310646575
2609,0.775521794410
2610,0.218091469131
2611,0.365999186396
2612,0.176129710516
2613,0.906948731329
2614,0.560768453826
2615,0.808223477643
2616,0.724515069170
2617,0.210845856548
2618,0.735437045705
2619,0.260197250884
2620,0.178650100351
2621,0.348098252425
2622,0.341774741461
2623,0.107636485419
2624,0.458482240411
2625,0.152595660177
2626,0.691050593239
2627,0.908765006222
2628,0.911919429346
2629,0.470271678107
2630,0.776931298117
2631,0.562392461544
2632,0.129555452251
2633,0.950887789396
2634,0.441303268525
2635,0.422511269794
2636,0.109798867235
2637,0.498852936518
2638,0.389868756361
2639,0.541374320901
2640,0.567479100361
2641,0.082362015899
2642,0.701181013508
2643,0.261497167282
2644,0.387281629736
2645,0.844221806533
2646,0.527154873370
2647,0.630592755846
2648,0.161561412769
2649,0.785166387264
2650,0.515914865006
2651,0.830090466557
2652,0.478619264549
2653,0.003195210029
2654,0.505340128130
2655,0.361276283876
2656,0.998216379018
2657,0.485054711914
2658,0.963045791749
2659,0.844981020126
2660,0.566557175607
2661,0.025937230246
2662,0.991142061067
2663,0.989278056846
2664,0.970585273326
2665,0.332515486621
2666,0.316570049557
2667,0.123476113991
2668,0.023851706184
2669,0.592249231326
2670,0.753535858846
2671,0.413083653224
2672,0.212239274414
2673,0.817111964323
2674,0.684811871443
2675,0.347059594390
2676,0.287940823219
2677,0.777173840667
2678,0.406966877848
2679,0.324995089055
2680,0.784598694996
2681,0.853707361868
2682,0.647938071562
2683,0.080585760308
2684,0.536083897663
2685,0.948117041224
2686,0.614933575912
2687,0.131845478183
2688,0.665267790849
2689,0.250910537082
2690,0.565655402847
2691,0.770369388560
2692,0.513661286159
2693,0.187064823467
2694,0.023330468417
2695,0.663325219401
2696,0.589566953873
2697,0.141844764234
2698,0.771198468879
2699,0.538047913204
2700,0.710819524584
2701,0.422402451876
2702,0.777690827416
2703,0.846443684937
2704,0.791880853129
2705,0.405466381865
2706,0.395152042718
2707,0.928156837735
2708,0.417090997275
2709,0.986618029083
2710,0.136448742562
2711,0.663651292769
2712,0.364548046437
2713,0.064010510317
2714,0.347302457249
2715,0.705805909951
2716,0.918606268533
2717,0.496236538819
2718,0.748677458183
2719,0.586556346320
2720,0.710411075984
2721,0.267680769871
2722,0.476657087064
2723,0.251821442621
2724,0.007096614426
2725,0.308337628295
2726,0.457804698460
2727,0.503186375924
2728,0.901491616945
2729,0.613773070532
2730,0.295864221992
2731,0.948140331055
2732,0.849617168468
2733,0.257871210736
2734,0.102698590791
2735,0.243664568942
2736,0.823673024266
2737,0.382073741953
2738,0.024584067400
2739,0.888072262546
2740,0.314087734154
2741,0.807157801367
2742,0.388858596027
2743,0.257507641878
2744,0.317023859295
2745,0.308091074558
2746,0.874615017363
2747,0.938008615308
2748,0.791652358964
2749,0.549658658910
2750,0.207008930517
2751,0.514017297146
2752,0.512643834477
2753,0.452678639666
2754,0.342837422421
2755,0.611771647561
2756,0.378528778477
2757,0.491138328176
2758,0.367535046790
2759,0.518482883953
2760,0.953139666895
2761,0.218875341761
2762,0.147804568864
2763,0.132859675826
2764,0.288894075894
2765,0.464305410086
2766,0.515343738824
2767,0.038720964630
2768,0.029451025839
2769,0.024844916442
2770,0.397065321512
2771,0.967914201563
2772,0.236770975491
2773,0.398980251247
2774,0.137731405717
2775,0.035157400042
2776,0.627420113620
2777,0.473791637970
2778,0.728631580993
2779,0.223309304911
2780,0.251411035086
2781,0.671988707264
2782,0.507570142053
2783,0.499401763223
2784,0.433290863387
2785,0.519516793315
2786,0.755686291595
2787,0.391329445037
2788,0.575514574103
2789,0.425319627274
2790,0.711902326880
2791,0.904267152556
2792,0.320451577626
2793,0.246735566026
2794,0.371265762540
2795,0.701121596763
2796,0.165740289466
2797,0.843683254406
2798,0.392347914013
2799,0.250101342287
2800,0.383496443355
2801,0.849392005925
2802,0.203264227044
2803,0.799457846120
2804,0.446577820801
2805,0.674525254951
2806,0.720862279462
2807,0.968777713891
2808,0.701733305199
2809,0.094601599639
2810,0.032958295711
2811,0.190864085263
2812,0.021978598032
2813,0.306828860781
2814,0.020389710543
2815,0.692780525997
2816,0.299386602782
2817,0.439045231404
2818,0.486403912801
2819,0.084580479871
2820,0.708605443875
2821,0.854312617456
2822,0.533068947788
2823,0.603335180530
2824,0.934329614577
2825,0.289256527881
2826,0.745482556603
2827,0.439443450851
2828,0.124431900631
2829,0.274076376353
2830,0.714072840760
2831,0.036498595030
2832,0.051590635779
2833,0.106201800289
2834,0.975818078978
2835,0.623533734293
2836,0.766364793013
2837,0.791833009739
2838,0.082635957895
2839,0.731455234825
2840,0.434462857341
2841,0.748781518468
2842,0.917824063191
2843,0.406302226736
2844,0.047281280526
2845,0.558267311021
2846,0.029504924016
2847,0.131330729005
2848,0.484186013401
2849,0.319953382800
2850,0.033214166104
2851,0.889907481410
2852,0.255834716953
2853,0.098566987997
2854,0.426824375448
2855,0.992287367766
2856,0.469337788384
2857,0.043372567232
2858,0.477954956628
2859,0.753828475767
2860,0.301229662988
2861,0.137081092989
2862,0.876137256473
2863,0.234841971609
2864,0.137261469168
2865,0.633507020257
2866,0.735532592327
2867,0.390466366257
2868,0.710975435544
2869,0.899057362820
2870,0.852992172650
2871,0.679392193205
2872,0.761456061550
2873,0.501466953857
2874,0.809205526722
2875,0.326178566488
2876,0.694787450300
2877,0.964276163351
2878,0.550446471368
2879,0.278505994179
2880,0.709319982873
2881,0.940077709124
2882,0.643773636709
2883,0.762544234066
2884,0.408327686023
2885,0.752327989789
2886,0.968848880458
2887,0.525415740125
2888,0.640291994549
2889,0.039202309176
2890,0.513026213066
2891,0.599640327275
2892,0.225370360675
2893,0.491130355495
2894,0.755761061236
2895,0.197175461972
2896,0.249515650412
2897,0.467821278491
2898,0.435713580334
2899,0.591963149795
2900,0.117642194317
2901,0.590571706325
2902,0.780245785717
2903,0.451484317361
2904,0.841802197285
2905,0.310025273878
2906,0.072242412435
2907,0.365971654721
2908,0.515341621374
2909,0.270735954894
2910,0.812077037444
2911,0.794566110611
2912,0.586804237887
2913,0.918765321181
2914,0.569997381866
2915,0.919351646792
2916,0.364163612122
2917,0.387264457822
2918,0.724611148536
2919,0.293776779492
2920,0.672544554341
2921,0.667007626048
2922,0.034582357599
2923,0.425535240109
2924,0.829399388504
2925,0.893597627784
2926,0.214461610146
2927,0.215851483069
2928,0.098177973161
2929,0.157170899800
2930,0.788291320366
2931,0.919000423064
2932,0.659403001182
2933,0.792432357630
2934,0.503266355807
2935,0.170223737120
2936,0.737514326440
2937,0.692390201683
2938,0.627347219783
2939,0.817682720513
2940,0.715644833466
2941,0.933066105192
2942,0.640856012897
2943,0.058087660511
2944,0.427217780974
2945,0.542637732079
2946,0.007775857011
2947,0.700888571576
2948,0.054985762559
2949,0.577454962496
2950,0.961621368881
2951,0.410117279283
2952,0.479259611826
2953,0.663718303409
2954,0.888228476367
2955,0.601699946987
2956,0.131842556178
2957,0.118648765832
2958,0.015564830460
2959,0.485938239073
2960,0.741663543272
2961,0.922403862098
2962,0.463869448046
2963,0.883978125290
2964,0.433043712754
2965,0.188775537307
2966,0.466009366839
2967,0.675210918272
2968,0.580651514795
2969,0.235213293906
2970,0.659038840453
2971,0.452550303836
2972,0.965359894867
2973,0.362112145714
2974,0.022512382260
2975,0.881578918984
2976,0.365069891884
2977,0.555731137920
2978,0.699393340904
2979,0.610678370137
2980,0.248249014649
2981,0.644900819467
2982,0.177039092600
2983,0.174644291146
2984,0.638500744115
2985,0.505751421295
2986,0.117900094716
2987,0.565187045117
2988,0.848071675018
2989,0.542901487940
2990,0.794735522859
2991,0.110615252769
2992,0.217063256239
2993,0.201008682352
2994,0.172457913963
2995,0.409709057747
2996,0.150943430015
2997,0.351149631006
2998,0.490169232524
2999,0.208689314551
3000,0.583986685463
3001,0.891544600930
3002,0.220600022836
3003,0.320306445366
3004,0.131580033236
3005,0.391384514558
3006,0.324857814234
3007,0.533240033738
3008,0.025930893016
3009,0.346013307100
3010,0.345325452929
3011,0.084451388358
3012,0.436376179602
3013,0.193651285725
3014,0.521655035304
3015,0.065675113799
3016,0.558384310416
3017,0.878751559931
3018,0.242094785807
3019,0.323351994239
3020,0.475463121559
3021,0.093752365463
3022,0.138607033643
3023,0.052648424713
3024,0.076140389128
3025,0.665862515136
3026,0.205906004372
3027,0.737299176808
3028,0.179105450961
3029,0.976593539491
3030,0.043870860886
3031,0.263794486005
3032,0.116474580064
3033,0.658705321466
3034,0.750640951891
3035,0.348426498637
3036,0.314827030299
3037,0.305645670654
3038,0.097198037609
3039,0.387512068506
3040,0.941412353671
3041,0.855817004719
3042,0.915224515128
3043,0.482177928040
3044,0.440914844440
3045,0.698119698349
3046,0.793073771694
3047,0.245789852579
3048,0.678912280512
3049,0.201130565724
3050,0.904331337200
3051,0.537643059318
3052,0.148254616425
3053,0.014560410563
3054,0.682428673142
3055,0.407420397852
3056,0.816585970249
3057,0.326334723677
3058,0.534132934676
3059,0.999702374279
3060,0.768901758099
3061,0.321039248832
3062,0.499647098873
3063,0.336026663760
3064,0.667449211763
3065,0.250276897929
3066,0.709778566477
3067,0.076171474176
3068,0.013282263876
3069,0.829326097271
3070,0.105204785673
3071,0.323956974138
3072,0.731858953464
3073,0.530396527098
3074,0.924041950933
3075,0.477911592595
3076,0.974283761875
3077,0.019535137020
3078,0.712879624848
3079,0.516015302068
3080,0.980673053657
3081,0.173771818169
3082,0.075762421788
3083,0.159903390917
3084,0.757412332633
3085,0.210899837585
3086,0.051046306347
3087,0.625604689121
3088,0.330051416129
3089,0.696584233751
3090,0.015139108346
3091,0.754213331499
3092,0.021302656830
3093,0.379859205979
3094,0.961072971702
3095,0.846427505815
3096,0.870851243135
3097,0.214443667577
3098,0.051873846431
3099,0.413978133571
3100,0.295292523092
3101,0.186611509530
3102,0.494857019089
3103,0.955987599817
3104,0.145430246464
3105,0.011806942778
3106,0.496388237423
3107,0.332010473712
3108,0.837871872413
3109,0.770279225329
3110,0.073593666399
3111,0.949700134996
3112,0.515456415720
3113,0.419710402018
3114,0.794512893039
3115,0.422511067583
3116,0.566534596405
3117,0.947752142812
3118,0.651785387635
3119,0.777060284560
3120,0.911147888553
3121,0.057252399747
3122,0.942943420590
3123,0.292094801372
3124,0.482753968497
3125,0.617160081793
3126,0.614324673533
3127,0.489826523125
3128,0.163103310401
3129,0.695411237000
3130,0.828973959259
3131,0.122888626079
3132,0.500409081561
3133,0.418046572747
3134,0.130292903668
3135,0.517501878972
3136,0.056451887488
3137,0.526693903052
3138,0.971310743055
3139,0.076627432491
3140,0.433026850785
3141,0.464227951717
3142,0.361524655366
3143,0.361231424053
3144,0.449872585044
3145,0.832744010974
3146,0.191577267240
3147,0.069033502727
3148,0.305147699565
3149,0.305049477841
3150,0.011688602538
3151,0.729968455212
3152,0.364095343803
3153,0.895325449233
3154,0.625674171046
3155,0.281305342655
3156,0.096760747954
3157,0.890295656779
3158,0.784483384583
3159,0.531941060477
3160,0.103078008094
3161,0.058382140676
3162,0.690450019133
3163,0.676843115600
3164,0.604295619186
3165,0.979793757869
3166,0.483769621390
3167,0.181829685509
3168,0.892757600541
3169,0.212814189209
3170,0.263517849703
3171,0.301155950682
3172,0.995921809944
3173,0.913776456726
3174,0.578493035479
3175,0.294638759584
3176,0.959042473807
3177,0.982593558702
3178,0.024806019568
3179,0.232755694466
3180,0.078937745944
3181,0.397874861432
3182,0.227861016566
3183,0.891703888691
3184,0.635001893528
3185,0.724460452192
3186,0.838041179885
3187,0.566248171017
3188,0.219426723684
3189,0.283769036246
3190,0.637901746494
3191,0.145522432377
3192,0.330929381369
3193,0.042118878421
3194,0.944756341846
3195,0.691195360043
3196,0.951046471537
3197,0.323653269279
3198,0.545003675483
3199,0.701325335004
3200,0.623836080005
3201,0.443521166867
3202,0.437676272015
3203,0.025964035741
3204,0.220723261326
3205,0.713538036515
3206,0.291121662898
3207,0.910956071040
3208,0.182974058532
3209,0.833680554586
3210,0.300117823436
3211,0.832354871218
3212,0.911892440262
3213,0.484992308030
3214,0.721445615762
3215,0.008738053221
3216,0.021660811835
3217,0.525111527236
3218,0.993586870737
3219,0.323934433318
3220,0.556464589146
3221,0.283064367368
3222,0.978027839076
3223,0.713276290321
3224,0.364309401287
3225,0.131439448614
3226,0.173069242763
3227,0.238920651855
3228,0.292461037868
3229,0.596220166994
3230,0.108960745029
3231,0.904577009893
3232,0.742238337142
3233,0.960414680261
3234,0.288682536973
3235,0.190297918012
3236,0.983944251373
3237,0.537215590597
3238,0.931215172242
3239,0.015434128853
3240,0.736777501047
3241,0.515454772876
3242,0.291588647935
3243,0.462797220660
3244,0.863013396095
3245,0.116555542355
3246,0.998989809504
3247,0.027685959518
3248,0.126171457843
3249,0.571014953675
3250,0.356032107131
3251,0.988169582282
3252,0.335250615221
3253,0.705460136041
3254,0.459051425720
3255,0.051375579032
3256,0.252628129375
3257,0.287246799386
3258,0.319788334516
3259,0.798740525026
3260,0.135402103473
3261,0.304323421362
3262,0.465524040446
3263,0.327977022154
3264,0.027353726065
3265,0.282491258690
3266,0.233034447257
3267,0.908211062219
3268,0.473949480542
3269,0.588306520198
3270,0.093975065965
3271,0.011346669688
3272,0.679803218860
3273,0.974622366493
3274,0.294013480242
3275,0.445539999749
3276,0.251267692879
3277,0.736613821866
3278,0.564289348369
3279,0.291947389751
3280,0.352399648655
3281,0.058259133623
3282,0.182202706794
3283,0.751986117792
3284,0.097069184048
3285,0.581861710468
3286,0.496442011865
3287,0.991663737453
3288,0.757487254899
3289,0.749254029380
3290,0.705790552816
3291,0.493009205929
3292,0.833384845793
3293,0.557230906739
3294,0.336589992656
3295,0.888485877827
3296,0.515376528425
3297,0.762362394433
3298,0.593301272980
3299,0.709119243743
3300,0.171780963049
3301,0.035115623801
3302,0.636359014553
3303,0.428272547409
3304,0.908471844132
3305,0.025104504955
3306,0.827554529885
3307,0.109045086139
3308,0.521401302777
3309,0.866062262072
3310,0.051743746131
3311,0.417564609703
3312,0.927293638185
3313,0.158106698811
3314,0.833210403525
3315,0.073497165430
3316,0.082156498559
3317,0.861250021499
3318,0.739592883587
3319,0.688260826434
3320,0.144189706706
3321,0.805105786102
3322,0.649369954564
3323,0.931755226068
3324,0.010665792050
3325,0.232154359260
3326,0.310867964006
3327,0.912529945160
3328,0.531697210471
3329,0.033642562767
3330,0.746351304042
3331,0.323901035115
3332,0.574193169247
3333,0.110459046251
3334,0.696293962208
3335,0.295069201891
3336,0.884645817263
3337,0.342582607837
3338,0.045789157401
3339,0.899986502239
3340,0.930417584449
3341,0.739127387769
3342,0.093213031223
3343,0.151152546489
3344,0.214282728388
3345,0.347416182888
3346,0.937010028470
3347,0.009095700263
3348,0.061524123939
3349,0.293634609928
3350,0.661280097044
3351,0.254303285712
3352,0.751590190631
3353,0.389097650589
3354,0.193019927884
3355,0.587873609642
3356,0.796227847797
3357,0.911209004336
3358,0.518390134262
3359,0.905735916842
3360,0.655491893119
3361,0.921112876107
3362,0.454182820343
3363,0.431011186934
3364,0.376760905211
3365,0.315085052646
3366,0.931300769432
3367,0.635405623673
3368,0.314771940530
3369,0.437829567883
3370,0.190852173502
3371,0.868513015127
3372,0.955595740285
3373,0.647455597023
3374,0.665941348301
3375,0.335500113673
3376,0.777312037021
3377,0.741336200142
3378,0.813010202772
3379,0.452546244443
3380,0.144698097824
3381,0.416990746482
3382,0.765961619588
3383,0.859174346929
3384,0.006799474263
3385,0.333327285141
3386,0.851051471255
3387,0.987901568654
3388,0.755756099965
3389,0.246407809074
3390,0.381764804368
3391,0.787494695512
3392,0.515705626976
3393,0.918505638605
3394,0.329268106295
3395,0.203867867654
3396,0.506374346813
3397,0.538537286395
3398,0.630008497481
3399,0.263159745017
3400,0.676219994344
3401,0.149084018360
3402,0.328172595086
3403,0.855751487391
3404,0.987667943417
3405,0.769906191656
3406,0.110554801867
3407,0.919871456790
3408,0.395269742467
3409,0.668301430066
3410,0.753886357954
3411,0.204275861718
3412,0.193805274201
3413,0.582954916147
3414,0.558970498454
3415,0.690790176941
3416,0.350498643305
3417,0.435348012078
3418,0.245118597425
3419,0.529399984958
3420,0.550782248439
3421,0.119435001647
3422,0.062190612989
3423,0.002071964640
3424,0.689357341056
3425,0.813089090956
3426,0.547230024619
3427,0.238798870960
3428,0.573501807458
3429,0.068791128965
3430,0.117332279360
3431,0.091937340054
3432,0.091487217618
3433,0.705023770639
3434,0.009072604970
3435,0.321913237570
3436,0.795711652172
3437,0.821371567129
3438,0.626048171814
3439,0.699877234902
3440,0.603429242248
3441,0.183230196240
3442,0.681180817917
3443,0.973166709539
3444,0.756041085621
3445,0.744920791860
3446,0.773115992417
3447,0.299809050310
3448,0.337017523695
3449,0.767267649886
3450,0.030764925806
3451,0.121624910508
3452,0.796146626697
3453,0.246553043787
3454,0.839815947249
3455,0.705628509902
3456,0.849166146649
3457,0.291780112763
3458,0.523283472884
3459,0.256122150722
3460,0.114455677682
3461,0.758083816969
3462,0.790467752898
3463,0.247437739863
3464,0.970000329552
3465,0.143720116673
3466,0.400561284426
3467,0.011794625002
3468,0.880645124751
3469,0.092154696194
3470,0.778960706924
3471,0.565517471119
3472,0.143258629716
3473,0.039037269780
3474,0.115068106520
3475,0.499852434592
3476,0.640707217143
3477,0.668881056209
3478,0.462858388773
3479,0.806890491201
3480,0.442352214427
3481,0.557136739525
3482,0.013458567153
3483,0.080256920328
3484,0.333019204731
3485,0.176194058508
3486,0.882204858117
3487,0.221818577751
3488,0.987274079440
3489,0.226748398271
3490,0.480833670587
3491,0.842263995446
3492,0.621094811706
3493,0.985435173472
3494,0.900489747352
3495,0.607320011253
3496,0.182208028072
3497,0.917615033470
3498,0.084969885283
3499,0.655490354801
3500,0.636252527510
3501,0.456427313180
3502,0.612134128105
3503,0.407568278233
3504,0.033887904754
3505,0.607743248608
3506,0.374397757403
3507,0.822123021032
3508,0.826966958993
3509,0.633429608884
3510,0.447966252099
3511,0.807166986041
3512,0.515395144057
3513,0.431571710818
3514,0.498470568389
3515,0.884121221640
3516,0.198906894019
3517,0.449771173758
3518,0.398288851334
3519,0.634280852219
3520,0.993032901598
3521,0.888051934497
3522,0.028599107611
3523,0.613072823869
3524,0.628442757806
3525,0.551232024643
3526,0.438921499611
3527,0.886404511707
3528,0.185523697098
3529,0.659995123495
3530,0.731024726740
3531,0.625171954619
3532,0.649485875490
3533,0.471896300552
3534,0.675490423025
3535,0.731147347256
3536,0.675911423570
3537,0.352886725379
3538,0.586651058230
3539,0.248670014574
3540,0.763087067350
3541,0.174806777332
3542,0.355980275133
3543,0.671095999286
3544,0.218072120260
3545,0.974891535722
3546,0.746978304086
3547,0.928582649945
3548,0.812126833526
3549,0.427646768607
3550,0.019110594371
3551,0.709382790128
3552,0.843389150760
3553,0.224080947456
3554,0.046491610123
3555,0.975654485718
3556,0.692413549843
3557,0.882392617718
3558,0.947665093026
3559,0.164521620327
3560,0.729440829009
3561,0.367878174044
3562,0.636218026981
3563,0.340553848491
3564,0.197894220733
3565,0.055714865447
3566,0.137901668028
3567,0.775974743741
3568,0.206178480156
3569,0.072109184318
3570,0.264335501671
3571,0.871317032949
3572,0.348564568335
3573,0.805783331031
3574,0.847625295495
3575,0.748852829183
3576,0.783062852739
3577,0.666448249415
3578,0.798083839974
3579,0.733087934799
3580,0.101601707511
3581,0.415379957424
3582,0.633346277502
3583,0.455994931930
3584,0.480468712807
3585,0.478879069095
3586,0.241077068445
3587,0.304395620516
3588,0.266788696057
3589,0.504767018108
3590,0.559733596973
3591,0.072587532796
3592,0.989942892785
3593,0.932496631647
3594,0.927935787246
3595,0.083615187847
3596,0.134576778610
3597,0.784793998228
3598,0.083782024613
3599,0.150936432483
3600,0.528274384771
3601,0.022289934829
3602,0.254979691487
3603,0.932487173840
3604,0.720690125355
3605,0.207852341526
3606,0.588469894318
3607,0.428818788333
3608,0.277920302264
3609,0.979517890589
3610,0.400538810221
3611,0.926470158030
3612,0.678812343074
3613,0.858687001880
3614,0.114870942228
3615,0.783522279426
3616,0.188947478735
3617,0.026912778529
3618,0.210331023456
3619,0.091788063554
3620,0.523304711892
3621,0.670519454554
3622,0.422841218233
3623,0.803545834276
3624,0.655637463574
3625,0.772875874048
3626,0.975797879201
3627,0.760694088578
3628,0.082785007695
3629,0.733788400491
3630,0.280773059432
3631,0.043716292730
3632,0.515485644833
3633,0.376305627393
3634,0.548768384226
3635,0.977024540437
3636,0.771375510255
3637,0.937254815332
3638,0.678136408420
3639,0.707872119208
3640,0.308984693872
3641,0.909288245980
3642,0.703986248221
3643,0.185149023581
3644,0.443990741373
3645,0.982797290158
3646,0.886254720496
3647,0.012566647546
3648,0.910820959051
3649,0.113741742801
3650,0.875256642802
3651,0.050050814958
3652,0.578908120255
3653,0.337985537253
3654,0.017424051152
3655,0.812752990971
3656,0.432594262404
3657,0.992905177570
3658,0.294908541006
3659,0.314607302436
3660,0.988335413564
3661,0.464269814173
3662,0.282459315908
3663,0.449632764333
3664,0.037100400095
3665,0.937204823645
3666,0.102196711408
3667,0.432164367404
3668,0.756361083733
3669,0.738341251340
3670,0.616535060164
3671,0.016968379096
3672,0.238354823855
3673,0.568285241345
3674,0.450450135466
3675,0.928400675060
3676,0.960066440286
3677,0.595828839557
3678,0.600425978726
3679,0.980761654285
3680,0.238092495959
3681,0.194681682064
3682,0.889630633939
3683,0.747201107102
3684,0.563493133905
3685,0.247854388945
3686,0.369346821248
3687,0.699916791534
3688,0.537790015833
3689,0.646942770341
3690,0.114097325877
3691,0.946466619482
3692,0.839557934774
3693,0.319542682933
3694,0.467987955587
3695,0.665445586079
3696,0.403735691588
3697,0.712816711978
3698,0.038675395720
3699,0.715261160666
3700,0.289041200361
3701,0.463342310670
3702,0.859764644048
3703,0.454358424240
3704,0.694290711126
3705,0.021373450580
3706,0.628904486346
3707,0.412796269251
3708,0.638250704396
3709,0.249157421085
3710,0.364261904784
3711,0.403545095272
3712,0.366230089629
3713,0.164178493579
3714,0.092178456052
3715,0.532518890841
3716,0.027098554276
3717,0.098252472824
3718,0.358035584593
3719,0.007769297316
3720,0.008304197897
3721,0.497954504715
3722,0.343089669955
3723,0.345255459787
3724,0.713065833345
3725,0.531246819050
3726,0.340720528056
3727,0.268977243544
3728,0.415180787346
3729,0.192641502448
3730,0.842386624647
3731,0.459782993813
3732,0.957254062333
3733,0.141610622037
3734,0.833619153169
3735,0.574972858447
3736,0.355213224875
3737,0.353457275125
3738,0.982769655762
3739,0.798018961868
3740,0.097786628426
3741,0.792155609880
3742,0.282290932411
3743,0.612324481594
3744,0.897565282448
3745,0.567575353097
3746,0.588997881279
3747,0.201930561263
3748,0.197623644237
3749,0.629199943148
3750,0.569104160339
3751,0.850162773630
3752,0.896770807684
3753,0.678458179005
3754,0.464568231672
3755,0.445847989146
3756,0.010549300541
3757,0.836139764797
3758,0.338969358087
3759,0.855916734993
3760,0.806664390081
3761,0.162363372381
3762,0.112460939797
3763,0.931513956493
3764,0.759751782792
3765,0.377021831142
3766,0.977273029215
3767,0.628971685816
3768,0.529269959023
3769,0.899115018526
3770,0.737895170688
3771,0.423421816408
3772,0.282668786042
3773,0.702162659321
3774,0.581002053109
3775,0.416224042423
3776,0.224351279962
3777,0.897397358795
3778,0.949167437386
3779,0.333998392805
3780,0.239484013141
3781,0.526280530708
3782,0.140981540809
3783,0.037997062915
3784,0.610274643865
3785,0.553159946625
3786,0.359512305679
3787,0.737623304103
3788,0.852807812161
3789,0.227857245741
3790,0.928810116747
3791,0.456330458428
3792,0.760983292646
3793,0.348047523881
3794,0.713499504101
3795,0.551449998368
3796,0.774472791816
3797,0.991951430906
3798,0.160161939982
3799,0.851234507715
3800,0.908159138057
3801,0.360597869198
3802,0.950662669744
3803,0.969234782060
3804,0.610997846606
3805,0.560058268586
3806,0.275420824549
3807,0.461159155100
3808,0.396772311603
3809,0.340526416258
3810,0.758149637847
3811,0.573490439272
3812,0.486191387662
3813,0.568164522152
3814,0.735151134974
3815,0.127128293209
3816,0.693660449725
3817,0.038932782098
3818,0.399418871019
3819,0.461435351123
3820,0.687507149403
3821,0.288643421606
3822,0.426759333417
3823,0.586907359284
3824,0.292847569340
3825,0.674704799408
3826,0.977337631654
3827,0.498504753693
3828,0.491086947542
3829,0.958717378753
3830,0.126884952807
3831,0.852671259464
3832,0.415256790677
3833,0.616182111731
3834,0.870252873749
3835,0.765511373908
3836,0.113140960506
3837,0.350296869411
3838,0.820653603182
3839,0.109949856521
3840,0.902360472751
3841,0.903482784983
3842,0.934362852218
3843,0.703113404965
3844,0.544411078594
3845,0.193866797349
3846,0.085604529268
3847,0.285654791849
3848,0.337010797532
3849,0.358467895240
3850,0.088760090804
3851,0.302267055837
3852,0.193838663527
3853,0.735528184791
3854,0.461978607494
3855,0.458212708078
3856,0.933150237629
3857,0.351415802893
3858,0.976700065913
3859,0.199269812765
3860,0.405754025433
3861,0.134558529094
3862,0.958099457154
3863,0.474014188690
3864,0.301990082670
3865,0.703261796525
3866,0.974990404007
3867,0.914492760192
3868,0.286801371599
3869,0.961156028583
3870,0.494742758829
3871,0.350326542300
3872,0.901539600603
3873,0.810545768926
3874,0.040793859782
3875,0.146393353924
3876,0.236845030784
3877,0.185309522999
3878,0.359280666984
3879,0.723312924069
3880,0.047697733846
3881,0.528121021632
3882,0.986566179939
3883,0.205910865256
3884,0.528683577326
3885,0.930208811193
3886,0.634009381784
3887,0.629153323028
3888,0.972871606900
3889,0.456116758699
3890,0.487229636203
3891,0.130643183987
3892,0.991878108197
3893,0.443260144269
3894,0.463309444872
3895,0.467650987679
3896,0.852928914279
3897,0.712599543074
3898,0.952356130745
3899,0.472752570533
3900,0.475863964901
3901,0.984486759565
3902,0.143905798221
3903,0.052534507999
3904,0.856485943584
3905,0.690191995544
3906,0.860632657891
3907,0.654875851634
3908,0.662257226762
3909,0.869124447100
3910,0.327793986097
3911,0.721670341396
3912,0.471350090457
3913,0.584493354451
3914,0.607072739857
3915,0.168538145612
3916,0.305737170110
3917,0.442608787774
3918,0.176760420754
3919,0.615211270167
3920,0.016277648019
3921,0.107870247885
3922,0.356615482342
3923,0.060330219605
3924,0.945185923641
3925,0.886819764424
3926,0.976520787617
3927,0.310171596432
3928,0.851591434162
3929,0.126698552642
3930,0.558261064463
3931,0.395436845571
3932,0.447516426808
3933,0.184597538911
3934,0.458574820096
3935,0.779151606312
3936,0.703698829843
3937,0.095860015391
3938,0.648493782396
3939,0.094360644087
3940,0.165637282106
3941,0.313052409940
3942,0.772900194158
3943,0.069146805947
3944,0.302952972122
3945,0.041758303371
3946,0.064576406533
3947,0.947478207342
3948,0.658441303211
3949,0.475642859126
3950,0.223031908025
3951,0.103993561633
3952,0.828962533912
3953,0.024979774806
3954,0.472841956484
3955,0.953612048813
3956,0.492255988785
3957,0.483616474354
3958,0.589772811268
3959,0.424460249988
3960,0.130536620391
3961,0.183507261697
3962,0.466474920764
3963,0.644601703144
3964,0.498587341319
3965,0.975084427679
3966,0.428542943196
3967,0.681017521657
3968,0.469327480586
3969,0.864714004294
3970,0.409682963931
3971,0.396674753838
3972,0.569376374848
3973,0.567629876316
3974,0.458418689363
3975,0.347188958022
3976,0.096442735791
3977,0.559878769442
3978,0.537764496887
3979,0.096222468302
3980,0.210036621590
3981,0.273025086321
3982,0.974745229095
3983,0.747824868829
3984,0.992360344412
3985,0.593992026549
3986,0.356987476412
3987,0.676537710082
3988,0.081592046049
3989,0.400968154836
3990,0.729535195533
3991,0.861872951585
3992,0.618196443439
3993,0.720141823714
3994,0.680930899124
3995,0.684552786224
3996,0.636104777917
3997,0.827823458526
3998,0.701041039544
3999,0.463536837616
4000,0.426819173770
4001,0.280082258798
4002,0.497870924512
4003,0.617947692488
4004,0.782100355110
4005,0.304359639405
4006,0.491681807984
4007,0.374075746175
4008,0.483560468660
4009,0.239840789511
4010,0.477614966504
4011,0.967318457550
4012,0.469438664871
4013,0.642799814200
4014,0.440461093948
4015,0.472930564372
4016,0.653777087836
4017,0.682300846792
4018,0.686444588455
4019,0.521521849084
4020,0.559371102650
4021,0.120693709477
4022,0.343825248332
4023,0.401734430387
4024,0.756154933922
4025,0.892421193171
4026,0.948019571901
4027,0.967733924016
4028,0.042840611469
4029,0.444158013915
4030,0.060124639451
4031,0.334573910372
4032,0.317686174904
4033,0.865641059541
4034,0.737392146346
4035,0.085942037886
4036,0.222100059181
4037,0.654287615863
4038,0.181606550312
4039,0.843481070642
4040,0.290033487028
4041,0.039652593611
4042,0.119001103175
4043,0.807146557368
4044,0.450759766394
4045,0.105338009150
4046,0.564536932255
4047,0.088827368501
4048,0.484973268522
4049,0.652145280135
4050,0.898649500126
4051,0.648001075081
4052,0.133947173335
4053,0.839444103417
4054,0.379522104248
4055,0.460585752419
4056,0.524819077712
4057,0.258734546691
4058,0.778214535416
4059,0.072668489564
4060,0.842003625076
4061,0.132025866972
4062,0.607887360952
4063,0.957739474006
4064,0.747859739548
4065,0.606348061075
4066,0.780388544600
4067,0.481362368892
4068,0.212292863883
4069,0.005065778176
4070,0.383167908913
4071,0.507819275329
4072,0.986588946256
4073,0.299304474211
4074,0.159806383030
4075,0.831636884294
4076,0.158937014540
4077,0.888623105086
4078,0.225895803296
4079,0.973642761235
4080,0.411773583846
4081,0.832201216540
4082,0.631882178638
4083,0.099757619879
4084,0.546374516271
4085,0.817815124363
4086,0.187104898068
4087,0.699458662837
4088,0.151073573392
4089,0.832914281557
4090,0.446500172488
4091,0.148118805984
4092,0.296258296440
4093,0.552209251239
4094,0.582761524988
4095,0.639401981317
