handshake_rate_req_s,qkd_supply_rate_kbps,success_rate,final_pool_occupancy_pct,starved
1,1,100.0,99.21875,NO
5,1,100.0,91.40625,NO
10,1,100.0,52.34375,NO
20,1,83.5,0.0,YES
50,1,33.4,0.0,YES
100,1,16.7,0.0,YES
1,10,100.0,99.21875,NO
5,10,100.0,99.21875,NO
10,10,100.0,99.21875,NO
20,10,100.0,99.21875,NO
50,10,100.0,14.0625,NO
100,10,51.800000000000004,0.0,YES
1,100,100.0,99.21875,NO
5,100,100.0,99.21875,NO
10,100,100.0,99.21875,NO
20,100,100.0,99.21875,NO
50,100,100.0,99.21875,NO
100,100,100.0,99.21875,NO
